{
  "test": {
    "auc": 0.6013245033112583,
    "f1": 0.2781456953642384,
    "recall": 0.2,
    "TP": 21,
    "FP": 25,
    "FN": 84,
    "TN": 126
  },
  "top_epochs": [
    {
      "epoch": 42,
      "auc": 0.6125786163522012,
      "f1": 0.40476190476190477,
      "recall": 0.32075471698113206,
      "score": 0.4335040431266846,
      "TP": 17,
      "FP": 14,
      "FN": 36,
      "TN": 61
    },
    {
      "epoch": 40,
      "auc": 0.6168553459119497,
      "f1": 0.3764705882352941,
      "recall": 0.3018867924528302,
      "score": 0.4187524972253052,
      "TP": 16,
      "FP": 16,
      "FN": 37,
      "TN": 59
    },
    {
      "epoch": 44,
      "auc": 0.6083018867924528,
      "f1": 0.38095238095238093,
      "recall": 0.3018867924528302,
      "score": 0.4175309973045822,
      "TP": 16,
      "FP": 15,
      "FN": 37,
      "TN": 60
    },
    {
      "epoch": 43,
      "auc": 0.6057861635220126,
      "f1": 0.36585365853658536,
      "recall": 0.2830188679245283,
      "score": 0.40469949378739073,
      "TP": 15,
      "FP": 14,
      "FN": 38,
      "TN": 61
    }
  ],
  "params": {
    "arch": "gated",
    "filters": 64,
    "kernel": 3,
    "dropout": 0.2,
    "attn_units": 32,
    "gate_type": "vector_sigmoid"
  },
  "cmd": "python train_tcn_residual.py --windows /home/user/projects/train/train_data/slipce/windows_npz.npz --window_type long --arch gated --attn_units 32 --gate_type vector_sigmoid --epochs 100 --batch 64 --filters 64 --kernel 3 --dropout 0.2 --result_dir /home/user/projects/train/model/long_window/TCN_Residual/result --use_layernorm --focal_alpha 0.25 --focal_gamma_start 0.0 --focal_gamma_end 1.5 --curriculum_epochs 20 --run_seed 22"
}