{
  "test": {
    "auc": 0.7071586250394197,
    "f1": 0.5084745762711864,
    "recall": 0.42857142857142855,
    "TP": 45,
    "FP": 27,
    "FN": 60,
    "TN": 124
  },
  "top_epochs": [
    {
      "epoch": 51,
      "auc": 0.7745911949685534,
      "f1": 0.64,
      "recall": 0.6037735849056604,
      "score": 0.6488050314465409,
      "TP": 32,
      "FP": 15,
      "FN": 21,
      "TN": 60
    },
    {
      "epoch": 48,
      "auc": 0.7532075471698112,
      "f1": 0.6464646464646465,
      "recall": 0.6037735849056604,
      "score": 0.6464676958261864,
      "TP": 32,
      "FP": 14,
      "FN": 21,
      "TN": 61
    },
    {
      "epoch": 58,
      "auc": 0.7527044025157232,
      "f1": 0.6055045871559633,
      "recall": 0.6226415094339622,
      "score": 0.6435130113669147,
      "TP": 33,
      "FP": 23,
      "FN": 20,
      "TN": 52
    },
    {
      "epoch": 42,
      "auc": 0.7247798742138365,
      "f1": 0.6153846153846154,
      "recall": 0.6037735849056604,
      "score": 0.6314581519109821,
      "TP": 32,
      "FP": 19,
      "FN": 21,
      "TN": 56
    }
  ],
  "params": {
    "model": "cnn_bilstm_attn",
    "batch": 16,
    "accumulate_steps": 8,
    "effective_batch": 128,
    "run_seed": null,
    "focal_alpha": 0.22,
    "focal_gamma_start": 0.0,
    "focal_gamma_end": 1.6,
    "curriculum_epochs": 20,
    "class_weight_neg": 1.1,
    "class_weight_pos": 0.8,
    "mask_mode": "soft",
    "mask_threshold": 0.6,
    "window_mask_min_mean": null
  },
  "cmd": "python train_cnn_bilstm.py --windows /home/user/projects/train/train_data/slipce/windows_npz.npz --epochs 70 --batch 16 --accumulate_steps 8 --result_dir /home/user/projects/train/model/long_window/CNN_BiLSTM/result_focal_refine/cw06_fg02 --focal_alpha 0.22 --focal_gamma_start 0.0 --focal_gamma_end 1.6 --curriculum_epochs 20 --run_seed None --class_weight_neg 1.1 --class_weight_pos 0.8 --mask_threshold 0.6 --mask_mode soft --window_mask_min_mean None  [auto-mask: occlusion_flag]"
}