{
  "epoch": 7,
  "threshold": 0.23792186956010272,
  "f1_opt": 0.5329153605015674
}