{
  "test": {
    "auc": 0.7482812992746768,
    "f1": 0.5310734463276836,
    "recall": 0.44761904761904764,
    "TP": 47,
    "FP": 25,
    "FN": 58,
    "TN": 126
  },
  "top_epochs": [
    {
      "epoch": 47,
      "auc": 0.7366037735849057,
      "f1": 0.5849056603773585,
      "recall": 0.5849056603773585,
      "score": 0.6152452830188679,
      "TP": 31,
      "FP": 22,
      "FN": 22,
      "TN": 53
    },
    {
      "epoch": 50,
      "auc": 0.7371069182389938,
      "f1": 0.5742574257425742,
      "recall": 0.5471698113207547,
      "score": 0.5932835170309484,
      "TP": 29,
      "FP": 19,
      "FN": 24,
      "TN": 56
    },
    {
      "epoch": 42,
      "auc": 0.7142138364779873,
      "f1": 0.5346534653465347,
      "recall": 0.5094339622641509,
      "score": 0.5579557880316333,
      "TP": 27,
      "FP": 21,
      "FN": 26,
      "TN": 54
    },
    {
      "epoch": 52,
      "auc": 0.7215094339622642,
      "f1": 0.52,
      "recall": 0.49056603773584906,
      "score": 0.5455849056603773,
      "TP": 26,
      "FP": 21,
      "FN": 27,
      "TN": 54
    }
  ],
  "params": {
    "model": "cnn_bilstm_attn",
    "batch": 16,
    "accumulate_steps": 8,
    "effective_batch": 128,
    "run_seed": null,
    "focal_alpha": 0.28,
    "focal_gamma_start": 0.0,
    "focal_gamma_end": 1.6,
    "curriculum_epochs": 20,
    "class_weight_neg": 0.9,
    "class_weight_pos": 0.8,
    "mask_mode": "soft",
    "mask_threshold": 0.6,
    "window_mask_min_mean": null
  },
  "cmd": "python train_cnn_bilstm.py --windows /home/user/projects/train/train_data/slipce/windows_npz.npz --epochs 70 --batch 16 --accumulate_steps 8 --result_dir /home/user/projects/train/model/long_window/CNN_BiLSTM/result_focal_refine/cw07_fg06 --focal_alpha 0.28 --focal_gamma_start 0.0 --focal_gamma_end 1.6 --curriculum_epochs 20 --run_seed None --class_weight_neg 0.9 --class_weight_pos 0.8 --mask_threshold 0.6 --mask_mode soft --window_mask_min_mean None  [auto-mask: occlusion_flag]"
}