{
  "test": {
    "auc": 0.7084831283506781,
    "f1": 0.5754716981132075,
    "recall": 0.580952380952381,
    "TP": 61,
    "FP": 46,
    "FN": 44,
    "TN": 105
  },
  "top_epochs": [
    {
      "epoch": 33,
      "auc": 0.7250314465408805,
      "f1": 0.6554621848739496,
      "recall": 0.7358490566037735,
      "score": 0.7095694730722477,
      "TP": 39,
      "FP": 27,
      "FN": 14,
      "TN": 48
    },
    {
      "epoch": 44,
      "auc": 0.6983647798742137,
      "f1": 0.6341463414634146,
      "recall": 0.7358490566037735,
      "score": 0.6978413867157539,
      "TP": 39,
      "FP": 31,
      "FN": 14,
      "TN": 44
    },
    {
      "epoch": 42,
      "auc": 0.7157232704402515,
      "f1": 0.6371681415929203,
      "recall": 0.6792452830188679,
      "score": 0.6739177380753604,
      "TP": 36,
      "FP": 24,
      "FN": 17,
      "TN": 51
    },
    {
      "epoch": 38,
      "auc": 0.7101886792452831,
      "f1": 0.6153846153846154,
      "recall": 0.6792452830188679,
      "score": 0.6662757619738752,
      "TP": 36,
      "FP": 28,
      "FN": 17,
      "TN": 47
    }
  ],
  "params": {
    "model": "cnn_bilstm_attn",
    "batch": 16,
    "accumulate_steps": 8,
    "effective_batch": 128,
    "run_seed": null,
    "focal_alpha": 0.35,
    "focal_gamma_start": 0.0,
    "focal_gamma_end": 1.0,
    "curriculum_epochs": 20,
    "class_weight_neg": 1.0,
    "class_weight_pos": 1.0,
    "mask_mode": "soft",
    "mask_threshold": 0.6,
    "window_mask_min_mean": null
  },
  "cmd": "python train_cnn_bilstm.py --windows /home/user/projects/train/train_data/slipce/windows_npz.npz --epochs 70 --batch 16 --accumulate_steps 8 --result_dir /home/user/projects/train/model/long_window/CNN_BiLSTM/result_focal_refine/cw08_fg10 --focal_alpha 0.35 --focal_gamma_start 0.0 --focal_gamma_end 1.0 --curriculum_epochs 20 --run_seed None --class_weight_neg 1.0 --class_weight_pos 1.0 --mask_threshold 0.6 --mask_mode soft --window_mask_min_mean None  [auto-mask: occlusion_flag]"
}