{
  "test": {
    "auc": 0.7328918322295805,
    "f1": 0.5816326530612245,
    "recall": 0.5428571428571428,
    "TP": 57,
    "FP": 34,
    "FN": 48,
    "TN": 117
  },
  "top_epochs": [
    {
      "epoch": 64,
      "auc": 0.779119496855346,
      "f1": 0.6728971962616822,
      "recall": 0.6792452830188679,
      "score": 0.6973156997590078,
      "TP": 36,
      "FP": 18,
      "FN": 17,
      "TN": 57
    },
    {
      "epoch": 67,
      "auc": 0.7743396226415095,
      "f1": 0.6666666666666666,
      "recall": 0.660377358490566,
      "score": 0.6850566037735849,
      "TP": 35,
      "FP": 17,
      "FN": 18,
      "TN": 58
    },
    {
      "epoch": 53,
      "auc": 0.7630188679245283,
      "f1": 0.6415094339622641,
      "recall": 0.6415094339622641,
      "score": 0.6658113207547169,
      "TP": 34,
      "FP": 19,
      "FN": 19,
      "TN": 56
    },
    {
      "epoch": 36,
      "auc": 0.7184905660377359,
      "f1": 0.625,
      "recall": 0.660377358490566,
      "score": 0.6613867924528303,
      "TP": 35,
      "FP": 24,
      "FN": 18,
      "TN": 51
    }
  ],
  "params": {
    "model": "cnn_bilstm_attn",
    "batch": 16,
    "accumulate_steps": 8,
    "effective_batch": 128,
    "run_seed": null,
    "focal_alpha": 0.25,
    "focal_gamma_start": 0.0,
    "focal_gamma_end": 1.5,
    "curriculum_epochs": 20,
    "class_weight_neg": 1.2,
    "class_weight_pos": 1.0,
    "mask_mode": "soft",
    "mask_threshold": 0.6,
    "window_mask_min_mean": null
  },
  "cmd": "python train_cnn_bilstm.py --windows /home/user/projects/train/train_data/slipce/windows_npz.npz --epochs 70 --batch 16 --accumulate_steps 8 --result_dir /home/user/projects/train/model/long_window/CNN_BiLSTM/result_focal_sweep/cw04_fg01 --focal_alpha 0.25 --focal_gamma_start 0.0 --focal_gamma_end 1.5 --curriculum_epochs 20 --run_seed None --class_weight_neg 1.2 --class_weight_pos 1.0 --mask_threshold 0.6 --mask_mode soft --window_mask_min_mean None  [auto-mask: occlusion_flag]"
}