{
  "test": {
    "auc": 0.7403973509933774,
    "f1": 0.5088757396449705,
    "recall": 0.4095238095238095,
    "TP": 43,
    "FP": 21,
    "FN": 62,
    "TN": 130
  },
  "top_epochs": [
    {
      "epoch": 54,
      "auc": 0.7255345911949685,
      "f1": 0.5607476635514018,
      "recall": 0.5660377358490566,
      "score": 0.5963500852289425,
      "TP": 30,
      "FP": 24,
      "FN": 23,
      "TN": 51
    },
    {
      "epoch": 52,
      "auc": 0.7119496855345913,
      "f1": 0.5420560747663551,
      "recall": 0.5471698113207547,
      "score": 0.5785916651972022,
      "TP": 29,
      "FP": 25,
      "FN": 24,
      "TN": 50
    },
    {
      "epoch": 31,
      "auc": 0.7132075471698113,
      "f1": 0.5714285714285714,
      "recall": 0.5283018867924528,
      "score": 0.5782210242587601,
      "TP": 28,
      "FP": 17,
      "FN": 25,
      "TN": 58
    },
    {
      "epoch": 35,
      "auc": 0.7167295597484276,
      "f1": 0.56,
      "recall": 0.5283018867924528,
      "score": 0.5754968553459119,
      "TP": 28,
      "FP": 19,
      "FN": 25,
      "TN": 56
    }
  ],
  "params": {
    "model": "cnn_bilstm_attn",
    "batch": 16,
    "accumulate_steps": 8,
    "effective_batch": 128,
    "run_seed": null,
    "focal_alpha": 0.25,
    "focal_gamma_start": 0.0,
    "focal_gamma_end": 1.4,
    "curriculum_epochs": 20,
    "class_weight_neg": 1.0,
    "class_weight_pos": 1.0,
    "mask_mode": "soft",
    "mask_threshold": 0.6,
    "window_mask_min_mean": null
  },
  "cmd": "python train_cnn_bilstm.py --windows /home/user/projects/train/train_data/slipce/windows_npz.npz --epochs 70 --batch 16 --accumulate_steps 8 --result_dir /home/user/projects/train/model/long_window/CNN_BiLSTM/result_focal_refine/cw08_fg03 --focal_alpha 0.25 --focal_gamma_start 0.0 --focal_gamma_end 1.4 --curriculum_epochs 20 --run_seed None --class_weight_neg 1.0 --class_weight_pos 1.0 --mask_threshold 0.6 --mask_mode soft --window_mask_min_mean None  [auto-mask: occlusion_flag]"
}