{
  "test": {
    "auc": 0.7291706086408073,
    "f1": 0.6276150627615062,
    "recall": 0.7142857142857143,
    "TP": 75,
    "FP": 59,
    "FN": 30,
    "TN": 92
  },
  "top_epochs": [
    {
      "epoch": 65,
      "auc": 0.7519496855345912,
      "f1": 0.6271186440677966,
      "recall": 0.6981132075471698,
      "score": 0.6875821341008421,
      "TP": 37,
      "FP": 28,
      "FN": 16,
      "TN": 47
    },
    {
      "epoch": 60,
      "auc": 0.7408805031446541,
      "f1": 0.5984251968503937,
      "recall": 0.7169811320754716,
      "score": 0.6861942257217848,
      "TP": 38,
      "FP": 36,
      "FN": 15,
      "TN": 39
    },
    {
      "epoch": 58,
      "auc": 0.7610062893081762,
      "f1": 0.6206896551724138,
      "recall": 0.6792452830188679,
      "score": 0.6780307959227934,
      "TP": 36,
      "FP": 27,
      "FN": 17,
      "TN": 48
    },
    {
      "epoch": 70,
      "auc": 0.7476729559748427,
      "f1": 0.6206896551724138,
      "recall": 0.6792452830188679,
      "score": 0.6753641292561267,
      "TP": 36,
      "FP": 27,
      "FN": 17,
      "TN": 48
    }
  ],
  "params": {
    "model": "cnn_bilstm_attn",
    "batch": 16,
    "accumulate_steps": 8,
    "effective_batch": 128,
    "run_seed": null,
    "focal_alpha": 0.28,
    "focal_gamma_start": 0.0,
    "focal_gamma_end": 1.6,
    "curriculum_epochs": 20,
    "class_weight_neg": 1.0,
    "class_weight_pos": 0.75,
    "mask_mode": "soft",
    "mask_threshold": 0.6,
    "window_mask_min_mean": null
  },
  "cmd": "python train_cnn_bilstm.py --windows /home/user/projects/train/train_data/slipce/windows_npz.npz --epochs 70 --batch 16 --accumulate_steps 8 --result_dir /home/user/projects/train/model/long_window/CNN_BiLSTM/result_focal_refine/cw01_fg06 --focal_alpha 0.28 --focal_gamma_start 0.0 --focal_gamma_end 1.6 --curriculum_epochs 20 --run_seed None --class_weight_neg 1.0 --class_weight_pos 0.75 --mask_threshold 0.6 --mask_mode soft --window_mask_min_mean None  [auto-mask: occlusion_flag]"
}