{
  "test": {
    "auc": 0.7539577420372122,
    "f1": 0.59375,
    "recall": 0.5428571428571428,
    "TP": 57,
    "FP": 30,
    "FN": 48,
    "TN": 121
  },
  "top_epochs": [
    {
      "epoch": 35,
      "auc": 0.6938364779874214,
      "f1": 0.5531914893617021,
      "recall": 0.49056603773584906,
      "score": 0.5500077612739194,
      "TP": 26,
      "FP": 15,
      "FN": 27,
      "TN": 60
    },
    {
      "epoch": 64,
      "auc": 0.7222641509433962,
      "f1": 0.5376344086021505,
      "recall": 0.4716981132075472,
      "score": 0.541592209373098,
      "TP": 25,
      "FP": 15,
      "FN": 28,
      "TN": 60
    },
    {
      "epoch": 53,
      "auc": 0.7277987421383648,
      "f1": 0.5319148936170213,
      "recall": 0.4716981132075472,
      "score": 0.5409832731165529,
      "TP": 25,
      "FP": 16,
      "FN": 28,
      "TN": 59
    },
    {
      "epoch": 66,
      "auc": 0.7280503144654088,
      "f1": 0.5052631578947369,
      "recall": 0.4528301886792453,
      "score": 0.5236041046011255,
      "TP": 24,
      "FP": 18,
      "FN": 29,
      "TN": 57
    }
  ],
  "params": {
    "model": "cnn_bilstm_attn",
    "batch": 16,
    "accumulate_steps": 8,
    "effective_batch": 128,
    "run_seed": null,
    "focal_alpha": 0.22,
    "focal_gamma_start": 0.0,
    "focal_gamma_end": 1.4,
    "curriculum_epochs": 20,
    "class_weight_neg": 1.05,
    "class_weight_pos": 0.8,
    "mask_mode": "soft",
    "mask_threshold": 0.6,
    "window_mask_min_mean": null
  },
  "cmd": "python train_cnn_bilstm.py --windows /home/user/projects/train/train_data/slipce/windows_npz.npz --epochs 70 --batch 16 --accumulate_steps 8 --result_dir /home/user/projects/train/model/long_window/CNN_BiLSTM/result_focal_refine/cw05_fg01 --focal_alpha 0.22 --focal_gamma_start 0.0 --focal_gamma_end 1.4 --curriculum_epochs 20 --run_seed None --class_weight_neg 1.05 --class_weight_pos 0.8 --mask_threshold 0.6 --mask_mode soft --window_mask_min_mean None  [auto-mask: occlusion_flag]"
}