{
  "test": {
    "auc": 0.7180069378744875,
    "f1": 0.43870967741935485,
    "recall": 0.3238095238095238,
    "TP": 34,
    "FP": 16,
    "FN": 71,
    "TN": 135
  },
  "top_epochs": [
    {
      "epoch": 43,
      "auc": 0.6933333333333334,
      "f1": 0.5555555555555556,
      "recall": 0.5660377358490566,
      "score": 0.5883522012578617,
      "TP": 30,
      "FP": 25,
      "FN": 23,
      "TN": 50
    },
    {
      "epoch": 41,
      "auc": 0.709685534591195,
      "f1": 0.5656565656565656,
      "recall": 0.5283018867924528,
      "score": 0.5757850200114351,
      "TP": 28,
      "FP": 18,
      "FN": 25,
      "TN": 57
    },
    {
      "epoch": 36,
      "auc": 0.699874213836478,
      "f1": 0.5106382978723404,
      "recall": 0.4528301886792453,
      "score": 0.5195814264686203,
      "TP": 24,
      "FP": 17,
      "FN": 29,
      "TN": 58
    },
    {
      "epoch": 39,
      "auc": 0.7116981132075472,
      "f1": 0.4835164835164835,
      "recall": 0.41509433962264153,
      "score": 0.49494173750777526,
      "TP": 22,
      "FP": 16,
      "FN": 31,
      "TN": 59
    }
  ],
  "params": {
    "model": "cnn_bilstm_attn",
    "batch": 16,
    "accumulate_steps": 8,
    "effective_batch": 128,
    "run_seed": null,
    "focal_alpha": 0.22,
    "focal_gamma_start": 0.0,
    "focal_gamma_end": 1.4,
    "curriculum_epochs": 20,
    "class_weight_neg": 1.0,
    "class_weight_pos": 0.75,
    "mask_mode": "soft",
    "mask_threshold": 0.6,
    "window_mask_min_mean": null
  },
  "cmd": "python train_cnn_bilstm.py --windows /home/user/projects/train/train_data/slipce/windows_npz.npz --epochs 70 --batch 16 --accumulate_steps 8 --result_dir /home/user/projects/train/model/long_window/CNN_BiLSTM/result_focal_refine/cw01_fg01 --focal_alpha 0.22 --focal_gamma_start 0.0 --focal_gamma_end 1.4 --curriculum_epochs 20 --run_seed None --class_weight_neg 1.0 --class_weight_pos 0.75 --mask_threshold 0.6 --mask_mode soft --window_mask_min_mean None  [auto-mask: occlusion_flag]"
}