{
  "test": {
    "auc": 0.731693472090823,
    "f1": 0.34532374100719426,
    "recall": 0.22857142857142856,
    "TP": 24,
    "FP": 10,
    "FN": 81,
    "TN": 141
  },
  "top_epochs": [
    {
      "epoch": 65,
      "auc": 0.7207547169811321,
      "f1": 0.425,
      "recall": 0.32075471698113206,
      "score": 0.43202830188679253,
      "TP": 17,
      "FP": 10,
      "FN": 36,
      "TN": 65
    },
    {
      "epoch": 61,
      "auc": 0.7516981132075472,
      "f1": 0.4155844155844156,
      "recall": 0.3018867924528302,
      "score": 0.42595834354324924,
      "TP": 16,
      "FP": 8,
      "FN": 37,
      "TN": 67
    },
    {
      "epoch": 64,
      "auc": 0.7044025157232705,
      "f1": 0.41025641025641024,
      "recall": 0.3018867924528302,
      "score": 0.41490082244799226,
      "TP": 16,
      "FP": 9,
      "FN": 37,
      "TN": 66
    },
    {
      "epoch": 54,
      "auc": 0.7514465408805031,
      "f1": 0.3561643835616438,
      "recall": 0.24528301886792453,
      "score": 0.37978013267855604,
      "TP": 13,
      "FP": 7,
      "FN": 40,
      "TN": 68
    }
  ],
  "params": {
    "model": "cnn_bilstm_attn",
    "batch": 16,
    "accumulate_steps": 8,
    "effective_batch": 128,
    "run_seed": null,
    "focal_alpha": 0.1,
    "focal_gamma_start": 0.0,
    "focal_gamma_end": 1.5,
    "curriculum_epochs": 20,
    "class_weight_neg": 1.0,
    "class_weight_pos": 0.6,
    "mask_mode": "soft",
    "mask_threshold": 0.6,
    "window_mask_min_mean": null
  },
  "cmd": "python train_cnn_bilstm.py --windows /home/user/projects/train/train_data/slipce/windows_npz.npz --epochs 70 --batch 16 --accumulate_steps 8 --result_dir /home/user/projects/train/model/long_window/CNN_BiLSTM/result_focal_sweep/cw03_fg06 --focal_alpha 0.1 --focal_gamma_start 0.0 --focal_gamma_end 1.5 --curriculum_epochs 20 --run_seed None --class_weight_neg 1.0 --class_weight_pos 0.6 --mask_threshold 0.6 --mask_mode soft --window_mask_min_mean None  [auto-mask: occlusion_flag]"
}