{
  "ensemble_config": {
    "k": 50,
    "metric": "precision_aware",
    "total_models": 50,
    "selected_seeds": [
      9,
      46,
      39,
      49,
      29,
      37,
      40,
      5,
      33,
      17,
      10,
      41,
      50,
      30,
      11,
      28,
      34,
      45,
      26,
      15,
      20,
      13,
      32,
      22,
      24,
      7,
      42,
      23,
      38,
      18,
      6,
      8,
      12,
      44,
      2,
      3,
      14,
      16,
      35,
      47,
      25,
      36,
      48,
      27,
      31,
      21,
      19,
      1,
      4,
      43
    ]
  },
  "ensemble_metrics": {
    "auc": 0.8815030148611336,
    "f1": 0.7677130044843049,
    "recall": 0.816793893129771,
    "precision": 0.7241962774957699,
    "composite": 0.8150114508824037,
    "precision_aware": 0.7687126430654031,
    "confusion_matrix": {
      "tp": 428,
      "fp": 163,
      "fn": 96,
      "tn": 589
    }
  },
  "best_individual": {
    "seed": 9,
    "auc": 0.7256553708439898,
    "f1": 0.676056338028169,
    "precision_aware": 0.6988251685597048
  },
  "improvements": {
    "auc": 0.1558476440171438,
    "f1": 0.0916566664561359,
    "precision_aware": 0.06988747450569832
  }
}