{
  "test": {
    "auc": 0.7262693156732891,
    "f1": 0.43312101910828027,
    "recall": 0.3238095238095238,
    "TP": 34,
    "FP": 18,
    "FN": 71,
    "TN": 133
  },
  "top_epochs": [
    {
      "epoch": 43,
      "auc": 0.7257861635220125,
      "f1": 0.6608695652173913,
      "recall": 0.7169811320754716,
      "score": 0.7019086683073558,
      "TP": 38,
      "FP": 24,
      "FN": 15,
      "TN": 51
    },
    {
      "epoch": 38,
      "auc": 0.7368553459119497,
      "f1": 0.6666666666666666,
      "recall": 0.6981132075471698,
      "score": 0.6964276729559749,
      "TP": 37,
      "FP": 21,
      "FN": 16,
      "TN": 54
    },
    {
      "epoch": 45,
      "auc": 0.7549685534591194,
      "f1": 0.6153846153846154,
      "recall": 0.6037735849056604,
      "score": 0.6374958877600387,
      "TP": 32,
      "FP": 19,
      "FN": 21,
      "TN": 56
    },
    {
      "epoch": 36,
      "auc": 0.730062893081761,
      "f1": 0.6037735849056604,
      "recall": 0.6037735849056604,
      "score": 0.6290314465408805,
      "TP": 32,
      "FP": 21,
      "FN": 21,
      "TN": 54
    }
  ],
  "params": {
    "model": "cnn_bilstm_attn",
    "batch": 16,
    "accumulate_steps": 8,
    "effective_batch": 128,
    "run_seed": null,
    "focal_alpha": 0.25,
    "focal_gamma_start": 0.0,
    "focal_gamma_end": 2.0,
    "curriculum_epochs": 20,
    "class_weight_neg": 1.0,
    "class_weight_pos": 1.0,
    "mask_mode": "soft",
    "mask_threshold": 0.6,
    "window_mask_min_mean": null
  },
  "cmd": "python train_cnn_bilstm.py --windows /home/user/projects/train/train_data/slipce/windows_npz.npz --epochs 70 --batch 16 --accumulate_steps 8 --result_dir /home/user/projects/train/model/long_window/CNN_BiLSTM/result_focal_sweep/cw01_fg02 --focal_alpha 0.25 --focal_gamma_start 0.0 --focal_gamma_end 2.0 --curriculum_epochs 20 --run_seed None --class_weight_neg 1.0 --class_weight_pos 1.0 --mask_threshold 0.6 --mask_mode soft --window_mask_min_mean None  [auto-mask: occlusion_flag]"
}