{
  "test": {
    "auc": 0.5019236833806371,
    "f1": 0.0,
    "recall": 0.0,
    "TP": 0,
    "FP": 1,
    "FN": 105,
    "TN": 150
  },
  "top_epochs": [
    {
      "epoch": 1,
      "auc": 0.6035220125786164,
      "f1": 0.03636363636363636,
      "recall": 0.018867924528301886,
      "score": 0.19951286449399658,
      "TP": 1,
      "FP": 1,
      "FN": 52,
      "TN": 74
    },
    {
      "epoch": 11,
      "auc": 0.6035220125786164,
      "f1": 0.03636363636363636,
      "recall": 0.018867924528301886,
      "score": 0.19951286449399658,
      "TP": 1,
      "FP": 1,
      "FN": 52,
      "TN": 74
    },
    {
      "epoch": 3,
      "auc": 0.5884276729559749,
      "f1": 0.03636363636363636,
      "recall": 0.018867924528301886,
      "score": 0.1949845626072041,
      "TP": 1,
      "FP": 1,
      "FN": 52,
      "TN": 74
    },
    {
      "epoch": 6,
      "auc": 0.5876729559748427,
      "f1": 0.03636363636363636,
      "recall": 0.018867924528301886,
      "score": 0.19475814751286447,
      "TP": 1,
      "FP": 1,
      "FN": 52,
      "TN": 74
    }
  ],
  "params": {
    "arch": "gated",
    "filters": 64,
    "kernel": 3,
    "dropout": 0.2,
    "attn_units": 32,
    "gate_type": "vector_sigmoid"
  },
  "cmd": "python train_tcn_residual.py --windows /home/user/projects/train/train_data/slipce/windows_npz.npz --window_type long --arch gated --attn_units 32 --gate_type vector_sigmoid --epochs 100 --batch 64 --filters 64 --kernel 3 --dropout 0.2 --result_dir /home/user/projects/train/model/long_window/TCN_Residual/result --use_layernorm --focal_alpha 0.25 --focal_gamma_start 0.5 --focal_gamma_end 0.5 --curriculum_epochs 1 --run_seed 17"
}