{
  "test": {
    "auc": 0.7218543046357615,
    "f1": 0.5567010309278351,
    "recall": 0.5142857142857142,
    "TP": 54,
    "FP": 35,
    "FN": 51,
    "TN": 116
  },
  "top_epochs": [
    {
      "epoch": 54,
      "auc": 0.7313207547169812,
      "f1": 0.631578947368421,
      "recall": 0.6792452830188679,
      "score": 0.6753604766633565,
      "TP": 36,
      "FP": 25,
      "FN": 17,
      "TN": 50
    },
    {
      "epoch": 50,
      "auc": 0.7361006289308176,
      "f1": 0.6140350877192983,
      "recall": 0.660377358490566,
      "score": 0.6616193313472359,
      "TP": 35,
      "FP": 26,
      "FN": 18,
      "TN": 49
    },
    {
      "epoch": 55,
      "auc": 0.7021383647798742,
      "f1": 0.5853658536585366,
      "recall": 0.6792452830188679,
      "score": 0.6556600705629698,
      "TP": 36,
      "FP": 34,
      "FN": 17,
      "TN": 41
    },
    {
      "epoch": 57,
      "auc": 0.7119496855345913,
      "f1": 0.5785123966942148,
      "recall": 0.660377358490566,
      "score": 0.6461323353604657,
      "TP": 35,
      "FP": 33,
      "FN": 18,
      "TN": 42
    }
  ],
  "params": {
    "model": "cnn_bilstm_attn",
    "batch": 16,
    "accumulate_steps": 8,
    "effective_batch": 128,
    "run_seed": null,
    "focal_alpha": 0.25,
    "focal_gamma_start": 0.0,
    "focal_gamma_end": 1.6,
    "curriculum_epochs": 20,
    "class_weight_neg": 0.95,
    "class_weight_pos": 0.8,
    "mask_mode": "soft",
    "mask_threshold": 0.6,
    "window_mask_min_mean": null
  },
  "cmd": "python train_cnn_bilstm.py --windows /home/user/projects/train/train_data/slipce/windows_npz.npz --epochs 70 --batch 16 --accumulate_steps 8 --result_dir /home/user/projects/train/model/long_window/CNN_BiLSTM/result_focal_refine/cw04_fg04 --focal_alpha 0.25 --focal_gamma_start 0.0 --focal_gamma_end 1.6 --curriculum_epochs 20 --run_seed None --class_weight_neg 0.95 --class_weight_pos 0.8 --mask_threshold 0.6 --mask_mode soft --window_mask_min_mean None  [auto-mask: occlusion_flag]"
}