{
  "test": {
    "auc": 0.7344686218858405,
    "f1": 0.5149700598802395,
    "recall": 0.4095238095238095,
    "TP": 43,
    "FP": 19,
    "FN": 62,
    "TN": 132
  },
  "top_epochs": [
    {
      "epoch": 42,
      "auc": 0.7288050314465409,
      "f1": 0.6041666666666666,
      "recall": 0.5471698113207547,
      "score": 0.6005959119496855,
      "TP": 29,
      "FP": 14,
      "FN": 24,
      "TN": 61
    },
    {
      "epoch": 36,
      "auc": 0.7303144654088051,
      "f1": 0.5918367346938775,
      "recall": 0.5471698113207547,
      "score": 0.5971988191503016,
      "TP": 29,
      "FP": 16,
      "FN": 24,
      "TN": 59
    },
    {
      "epoch": 46,
      "auc": 0.7355974842767296,
      "f1": 0.5894736842105263,
      "recall": 0.5283018867924528,
      "score": 0.5881125455147302,
      "TP": 28,
      "FP": 14,
      "FN": 25,
      "TN": 61
    },
    {
      "epoch": 48,
      "auc": 0.6988679245283019,
      "f1": 0.5742574257425742,
      "recall": 0.5471698113207547,
      "score": 0.58563571828881,
      "TP": 29,
      "FP": 19,
      "FN": 24,
      "TN": 56
    }
  ],
  "params": {
    "model": "cnn_bilstm_attn",
    "batch": 16,
    "accumulate_steps": 8,
    "effective_batch": 128,
    "run_seed": null,
    "mask_mode": "soft",
    "mask_threshold": 0.85,
    "window_mask_min_mean": null
  },
  "cmd": "python train_cnn_bilstm.py --windows /home/user/projects/train/train_data/slipce/windows_npz.npz --epochs 60 --batch 16 --accumulate_steps 8 --result_dir /home/user/projects/train/model/long_window/CNN_BiLSTM/result_mask_sweep_60e/run_04 --focal_alpha 0.25 --focal_gamma_start 0.0 --focal_gamma_end 1.5 --curriculum_epochs 20 --run_seed None --mask_threshold 0.85 --mask_mode soft --window_mask_min_mean None  [auto-mask: occlusion_flag]"
}