{
  "test": {
    "auc": 0.7347839798170925,
    "f1": 0.5812807881773399,
    "recall": 0.5619047619047619,
    "TP": 59,
    "FP": 39,
    "FN": 46,
    "TN": 112
  },
  "top_epochs": [
    {
      "epoch": 40,
      "auc": 0.7433962264150944,
      "f1": 0.6612903225806451,
      "recall": 0.7735849056603774,
      "score": 0.7338587948874011,
      "TP": 41,
      "FP": 30,
      "FN": 12,
      "TN": 45
    },
    {
      "epoch": 42,
      "auc": 0.780377358490566,
      "f1": 0.6785714285714286,
      "recall": 0.7169811320754716,
      "score": 0.7181374663072776,
      "TP": 38,
      "FP": 21,
      "FN": 15,
      "TN": 54
    },
    {
      "epoch": 55,
      "auc": 0.7620125786163522,
      "f1": 0.6495726495726496,
      "recall": 0.7169811320754716,
      "score": 0.7057648766328012,
      "TP": 38,
      "FP": 26,
      "FN": 15,
      "TN": 49
    },
    {
      "epoch": 34,
      "auc": 0.7620125786163522,
      "f1": 0.6548672566371682,
      "recall": 0.6981132075471698,
      "score": 0.6979192964880058,
      "TP": 37,
      "FP": 23,
      "FN": 16,
      "TN": 52
    }
  ],
  "params": {
    "model": "cnn_bilstm_attn",
    "batch": 16,
    "accumulate_steps": 8,
    "effective_batch": 128,
    "run_seed": null,
    "focal_alpha": 0.4,
    "focal_gamma_start": 0.0,
    "focal_gamma_end": 1.5,
    "curriculum_epochs": 20,
    "class_weight_neg": 1.0,
    "class_weight_pos": 0.6,
    "mask_mode": "soft",
    "mask_threshold": 0.6,
    "window_mask_min_mean": null
  },
  "cmd": "python train_cnn_bilstm.py --windows /home/user/projects/train/train_data/slipce/windows_npz.npz --epochs 70 --batch 16 --accumulate_steps 8 --result_dir /home/user/projects/train/model/long_window/CNN_BiLSTM/result_focal_sweep/cw03_fg08 --focal_alpha 0.4 --focal_gamma_start 0.0 --focal_gamma_end 1.5 --curriculum_epochs 20 --run_seed None --class_weight_neg 1.0 --class_weight_pos 0.6 --mask_threshold 0.6 --mask_mode soft --window_mask_min_mean None  [auto-mask: occlusion_flag]"
}