{
  "test": {
    "auc": 0.7238725953957742,
    "f1": 0.3283582089552239,
    "recall": 0.20952380952380953,
    "TP": 22,
    "FP": 7,
    "FN": 83,
    "TN": 144
  },
  "top_epochs": [
    {
      "epoch": 38,
      "auc": 0.6510691823899372,
      "f1": 0.4175824175824176,
      "recall": 0.3584905660377358,
      "score": 0.4347338447715806,
      "TP": 19,
      "FP": 19,
      "FN": 34,
      "TN": 56
    },
    {
      "epoch": 39,
      "auc": 0.6691823899371069,
      "f1": 0.4235294117647059,
      "recall": 0.33962264150943394,
      "score": 0.4307066222715501,
      "TP": 18,
      "FP": 14,
      "FN": 35,
      "TN": 61
    },
    {
      "epoch": 33,
      "auc": 0.6530817610062893,
      "f1": 0.40963855421686746,
      "recall": 0.32075471698113206,
      "score": 0.41388527695688415,
      "TP": 17,
      "FP": 13,
      "FN": 36,
      "TN": 62
    },
    {
      "epoch": 36,
      "auc": 0.6787421383647798,
      "f1": 0.38461538461538464,
      "recall": 0.2830188679245283,
      "score": 0.3926424770198355,
      "TP": 15,
      "FP": 10,
      "FN": 38,
      "TN": 65
    }
  ],
  "params": {
    "model": "cnn_bilstm_attn",
    "batch": 16,
    "accumulate_steps": 8,
    "effective_batch": 128,
    "run_seed": null,
    "focal_alpha": 0.25,
    "focal_gamma_start": 0.0,
    "focal_gamma_end": 1.6,
    "curriculum_epochs": 20,
    "class_weight_neg": 1.0,
    "class_weight_pos": 0.75,
    "mask_mode": "soft",
    "mask_threshold": 0.6,
    "window_mask_min_mean": null
  },
  "cmd": "python train_cnn_bilstm.py --windows /home/user/projects/train/train_data/slipce/windows_npz.npz --epochs 70 --batch 16 --accumulate_steps 8 --result_dir /home/user/projects/train/model/long_window/CNN_BiLSTM/result_focal_refine/cw01_fg04 --focal_alpha 0.25 --focal_gamma_start 0.0 --focal_gamma_end 1.6 --curriculum_epochs 20 --run_seed None --class_weight_neg 1.0 --class_weight_pos 0.75 --mask_threshold 0.6 --mask_mode soft --window_mask_min_mean None  [auto-mask: occlusion_flag]"
}