{
  "epoch": 1,
  "threshold": 0.4439797220218122,
  "f1_opt": 0.5491525423728812
}