{
  "test": {
    "auc": 0.6381583096814885,
    "f1": 0.22764227642276422,
    "recall": 0.13333333333333333,
    "TP": 14,
    "FP": 4,
    "FN": 91,
    "TN": 147
  },
  "top_epochs": [
    {
      "epoch": 18,
      "auc": 0.6271698113207547,
      "f1": 0.34285714285714286,
      "recall": 0.22641509433962265,
      "score": 0.3815741239892183,
      "TP": 12,
      "FP": 5,
      "FN": 41,
      "TN": 70
    },
    {
      "epoch": 21,
      "auc": 0.6231446540880503,
      "f1": 0.3333333333333333,
      "recall": 0.22641509433962265,
      "score": 0.37750943396226416,
      "TP": 12,
      "FP": 7,
      "FN": 41,
      "TN": 68
    },
    {
      "epoch": 20,
      "auc": 0.6171069182389938,
      "f1": 0.3333333333333333,
      "recall": 0.22641509433962265,
      "score": 0.3756981132075472,
      "TP": 12,
      "FP": 7,
      "FN": 41,
      "TN": 68
    },
    {
      "epoch": 19,
      "auc": 0.6244025157232704,
      "f1": 0.2727272727272727,
      "recall": 0.16981132075471697,
      "score": 0.33706346483704974,
      "TP": 9,
      "FP": 4,
      "FN": 44,
      "TN": 71
    }
  ],
  "params": {
    "arch": "gated",
    "filters": 64,
    "kernel": 3,
    "dropout": 0.2,
    "attn_units": 32,
    "gate_type": "vector_sigmoid"
  },
  "cmd": "python train_tcn_residual.py --windows /home/user/projects/train/train_data/slipce/windows_npz.npz --window_type long --arch gated --attn_units 32 --gate_type vector_sigmoid --epochs 100 --batch 64 --filters 64 --kernel 3 --dropout 0.2 --result_dir /home/user/projects/train/model/long_window/TCN_Residual/result --use_layernorm --focal_alpha 0.25 --focal_gamma_start 0.0 --focal_gamma_end 1.5 --curriculum_epochs 20 --run_seed 22"
}