metric,mean,std,ci95,n
test_auc,0.7088475063938618,0.025293790557532298,0.011085492478675766,20
test_f1,0.6508818862306875,0.04822938766753804,0.021137461110209796,20
test_recall,0.6521739130434783,0.10716891155749167,0.04696884637817399,20
test_precision,0.6662610857309966,0.05075375175521121,0.022243812451409103,20
test_composite,0.6631210236697178,0.06797380533474513,0.02979083368589428,20
test_precision_aware,0.6701646100134768,0.025741332855344877,0.01128163653881598,20
