{
  "test": {
    "auc": 0.7371176285083569,
    "f1": 0.5414364640883977,
    "recall": 0.4666666666666667,
    "TP": 49,
    "FP": 27,
    "FN": 56,
    "TN": 124
  },
  "top_epochs": [
    {
      "epoch": 49,
      "auc": 0.7280503144654088,
      "f1": 0.6612903225806451,
      "recall": 0.7735849056603774,
      "score": 0.730789612497464,
      "TP": 41,
      "FP": 30,
      "FN": 12,
      "TN": 45
    },
    {
      "epoch": 40,
      "auc": 0.7345911949685534,
      "f1": 0.6837606837606838,
      "recall": 0.7547169811320755,
      "score": 0.7294049346879536,
      "TP": 40,
      "FP": 24,
      "FN": 13,
      "TN": 51
    },
    {
      "epoch": 43,
      "auc": 0.7333333333333333,
      "f1": 0.672566371681416,
      "recall": 0.7169811320754716,
      "score": 0.7069271442088272,
      "TP": 38,
      "FP": 22,
      "FN": 15,
      "TN": 53
    },
    {
      "epoch": 50,
      "auc": 0.719748427672956,
      "f1": 0.6290322580645161,
      "recall": 0.7358490566037735,
      "score": 0.7005838912558328,
      "TP": 39,
      "FP": 32,
      "FN": 14,
      "TN": 43
    }
  ],
  "params": {
    "model": "cnn_bilstm_attn",
    "batch": 16,
    "accumulate_steps": 8,
    "effective_batch": 128,
    "run_seed": null,
    "focal_alpha": 0.28,
    "focal_gamma_start": 0.0,
    "focal_gamma_end": 1.6,
    "curriculum_epochs": 20,
    "class_weight_neg": 0.95,
    "class_weight_pos": 0.8,
    "mask_mode": "soft",
    "mask_threshold": 0.6,
    "window_mask_min_mean": null
  },
  "cmd": "python train_cnn_bilstm.py --windows /home/user/projects/train/train_data/slipce/windows_npz.npz --epochs 70 --batch 16 --accumulate_steps 8 --result_dir /home/user/projects/train/model/long_window/CNN_BiLSTM/result_focal_refine/cw04_fg06 --focal_alpha 0.28 --focal_gamma_start 0.0 --focal_gamma_end 1.6 --curriculum_epochs 20 --run_seed None --class_weight_neg 0.95 --class_weight_pos 0.8 --mask_threshold 0.6 --mask_mode soft --window_mask_min_mean None  [auto-mask: occlusion_flag]"
}