{
  "test": {
    "auc": 0.7246294544307789,
    "f1": 0.6200873362445415,
    "recall": 0.6761904761904762,
    "TP": 71,
    "FP": 53,
    "FN": 34,
    "TN": 98
  },
  "top_epochs": [
    {
      "epoch": 65,
      "auc": 0.6933333333333332,
      "f1": 0.6015037593984962,
      "recall": 0.7547169811320755,
      "score": 0.6964762850522532,
      "TP": 40,
      "FP": 40,
      "FN": 13,
      "TN": 35
    },
    {
      "epoch": 54,
      "auc": 0.7293081761006289,
      "f1": 0.6206896551724138,
      "recall": 0.6792452830188679,
      "score": 0.6716911732812838,
      "TP": 36,
      "FP": 27,
      "FN": 17,
      "TN": 48
    },
    {
      "epoch": 35,
      "auc": 0.6762264150943396,
      "f1": 0.5846153846153846,
      "recall": 0.7169811320754716,
      "score": 0.6691204644412192,
      "TP": 38,
      "FP": 39,
      "FN": 15,
      "TN": 36
    },
    {
      "epoch": 50,
      "auc": 0.7089308176100629,
      "f1": 0.5873015873015873,
      "recall": 0.6981132075471698,
      "score": 0.6670332434860736,
      "TP": 37,
      "FP": 36,
      "FN": 16,
      "TN": 39
    }
  ],
  "params": {
    "model": "cnn_bilstm_attn",
    "batch": 16,
    "accumulate_steps": 8,
    "effective_batch": 128,
    "run_seed": null,
    "focal_alpha": 0.4,
    "focal_gamma_start": 0.0,
    "focal_gamma_end": 1.0,
    "curriculum_epochs": 20,
    "class_weight_neg": 1.05,
    "class_weight_pos": 0.8,
    "mask_mode": "soft",
    "mask_threshold": 0.6,
    "window_mask_min_mean": null
  },
  "cmd": "python train_cnn_bilstm.py --windows /home/user/projects/train/train_data/slipce/windows_npz.npz --epochs 70 --batch 16 --accumulate_steps 8 --result_dir result_confirm --focal_alpha 0.4 --focal_gamma_start 0.0 --focal_gamma_end 1.0 --curriculum_epochs 20 --no_early_stop --run_seed None --class_weight_neg 1.05 --class_weight_pos 0.8 --mask_threshold 0.6 --mask_mode soft --window_mask_min_mean None  [auto-mask: occlusion_flag]"
}