metric,mean,std,ci95,n
test_auc,0.6846387468030691,0.04021968403879052,0.024928418433640003,10
test_f1,0.6244708801299377,0.0391786612863164,0.024283185846840326,10
test_recall,0.6157608695652174,0.10044305599903212,0.06225525109253703,10
test_precision,0.6503432740184927,0.05621481912799267,0.03484230587297603,10
test_composite,0.6321494481822038,0.058472090815585416,0.03624137735977464,10
test_precision_aware,0.6494406504088415,0.03322173207135495,0.020591042867623643,10
