{
  "model": "tcn_attention_long",
  "split": "long",
  "device": "cuda",
  "params": {
    "tcn_channels": "128,128,256,256",
    "tcn_kernel": 3,
    "tcn_dropout": 0.1,
    "tcn_dil_growth": 2,
    "attn_type": "additive",
    "attn_hidden": 192,
    "mhsa_heads": 4,
    "fc_hidden": 192,
    "fc_dropout": 0.3
  },
  "data": {
    "N": 1276,
    "T": 75,
    "F": 36
  },
  "core_metrics": {
    "best": {
      "epoch": 15,
      "train_loss": 0.5357293333351086,
      "train_acc": 0.7316356513222331,
      "val_loss": 0.6037849980242113,
      "val_acc": 0.6431372549019608
    },
    "last": {
      "epoch": 60,
      "train_loss": 0.07131478593235034,
      "train_acc": 0.9715964740450539,
      "val_loss": 1.4797531483220119,
      "val_acc": 0.6078431372549019
    },
    "generalization_gap": {
      "at_best": -0.06805566468910262,
      "at_last": -1.4084383623896615
    },
    "top_k": [
      {
        "epoch": 15,
        "train_loss": 0.5357293333351086,
        "train_acc": 0.7316356513222331,
        "val_loss": 0.6037849980242113,
        "val_acc": 0.6431372549019608
      },
      {
        "epoch": 18,
        "train_loss": 0.4737839491255253,
        "train_acc": 0.7747306562193927,
        "val_loss": 0.6069996564996009,
        "val_acc": 0.6627450980392157
      },
      {
        "epoch": 16,
        "train_loss": 0.5261807804243105,
        "train_acc": 0.7296767874632712,
        "val_loss": 0.6071999217949662,
        "val_acc": 0.6588235294117647
      },
      {
        "epoch": 10,
        "train_loss": 0.5960118472868035,
        "train_acc": 0.6581782566111655,
        "val_loss": 0.6109268375471526,
        "val_acc": 0.6235294117647059
      }
    ]
  },
  "monitor": {
    "primary": "val_loss",
    "secondary": "val_acc"
  },
  "trends": {
    "train_loss_slope": -0.006103590876755927,
    "train_acc_slope": 0.002176515398846446,
    "val_loss_slope": 0.03647301524293188,
    "val_acc_slope": -0.0030501089324618752
  },
  "overfitting": {
    "is_overfit": true,
    "score": 3,
    "signals": {
      "early_best": true,
      "loss_rebound": true,
      "gap_large": false,
      "acc_drop": true,
      "best_epoch_ratio": 0.25
    }
  },
  "hparams": {
    "model": "tcn_attention_long",
    "split": "long",
    "device": "cuda",
    "num_params": 991043,
    "epochs": 60,
    "batch_size": 128,
    "lr": 5e-05,
    "weight_decay": 0.0001,
    "seed": 42,
    "use_norm": true,
    "balance_by_class": false,
    "amplify_hard_negative": false,
    "hard_negative_factor": 1.0,
    "temporal_jitter_frames": 0,
    "val_ratio": 0.2,
    "num_workers": 0,
    "params": {
      "tcn_channels": "128,128,256,256",
      "tcn_kernel": 3,
      "tcn_dropout": 0.1,
      "tcn_dil_growth": 2,
      "attn_type": "additive",
      "attn_hidden": 192,
      "mhsa_heads": 4,
      "fc_hidden": 192,
      "fc_dropout": 0.3
    },
    "data": {
      "N": 1276,
      "T": 75,
      "F": 36
    }
  }
}