{
  "test": {
    "auc": 0.7203405865657522,
    "f1": 0.5027322404371585,
    "recall": 0.4380952380952381,
    "TP": 46,
    "FP": 32,
    "FN": 59,
    "TN": 119
  },
  "top_epochs": [
    {
      "epoch": 56,
      "auc": 0.7642767295597485,
      "f1": 0.6666666666666666,
      "recall": 0.7169811320754716,
      "score": 0.7113459119496855,
      "TP": 38,
      "FP": 23,
      "FN": 15,
      "TN": 52
    },
    {
      "epoch": 59,
      "auc": 0.7260377358490566,
      "f1": 0.639344262295082,
      "recall": 0.7358490566037735,
      "score": 0.7049353541602227,
      "TP": 39,
      "FP": 30,
      "FN": 14,
      "TN": 45
    },
    {
      "epoch": 57,
      "auc": 0.7574842767295598,
      "f1": 0.6666666666666666,
      "recall": 0.6981132075471698,
      "score": 0.7005534591194968,
      "TP": 37,
      "FP": 21,
      "FN": 16,
      "TN": 54
    },
    {
      "epoch": 55,
      "auc": 0.7766037735849056,
      "f1": 0.6666666666666666,
      "recall": 0.660377358490566,
      "score": 0.6855094339622642,
      "TP": 35,
      "FP": 17,
      "FN": 18,
      "TN": 58
    }
  ],
  "params": {
    "model": "cnn_bilstm_attn",
    "batch": 16,
    "accumulate_steps": 8,
    "effective_batch": 128,
    "run_seed": null,
    "mask_mode": "soft",
    "mask_threshold": 0.6,
    "window_mask_min_mean": null
  },
  "cmd": "python train_cnn_bilstm.py --windows /home/user/projects/train/train_data/slipce/windows_npz.npz --epochs 60 --batch 16 --accumulate_steps 8 --result_dir /home/user/projects/train/model/long_window/CNN_BiLSTM/result_mask_sweep_60e/run_01 --focal_alpha 0.25 --focal_gamma_start 0.0 --focal_gamma_end 1.5 --curriculum_epochs 20 --run_seed None --mask_threshold 0.6 --mask_mode soft --window_mask_min_mean None  [auto-mask: occlusion_flag]"
}