{
  "test": {
    "auc": 0.736486912645853,
    "f1": 0.5979381443298969,
    "recall": 0.5523809523809524,
    "TP": 58,
    "FP": 31,
    "FN": 47,
    "TN": 120
  },
  "top_epochs": [
    {
      "epoch": 60,
      "auc": 0.7245283018867924,
      "f1": 0.640625,
      "recall": 0.7735849056603774,
      "score": 0.7238856132075472,
      "TP": 41,
      "FP": 34,
      "FN": 12,
      "TN": 41
    },
    {
      "epoch": 58,
      "auc": 0.7079245283018868,
      "f1": 0.6176470588235294,
      "recall": 0.7924528301886793,
      "score": 0.7231054384017759,
      "TP": 42,
      "FP": 41,
      "FN": 11,
      "TN": 34
    },
    {
      "epoch": 41,
      "auc": 0.7132075471698113,
      "f1": 0.6307692307692307,
      "recall": 0.7735849056603774,
      "score": 0.7186647314949202,
      "TP": 41,
      "FP": 36,
      "FN": 12,
      "TN": 39
    },
    {
      "epoch": 34,
      "auc": 0.699874213836478,
      "f1": 0.6212121212121212,
      "recall": 0.7735849056603774,
      "score": 0.7131309319611208,
      "TP": 41,
      "FP": 38,
      "FN": 12,
      "TN": 37
    }
  ],
  "params": {
    "model": "cnn_bilstm_attn",
    "batch": 16,
    "accumulate_steps": 8,
    "effective_batch": 128,
    "run_seed": null,
    "focal_alpha": 0.4,
    "focal_gamma_start": 0.0,
    "focal_gamma_end": 1.0,
    "curriculum_epochs": 20,
    "class_weight_neg": 0.8,
    "class_weight_pos": 1.2,
    "mask_mode": "soft",
    "mask_threshold": 0.6,
    "window_mask_min_mean": null
  },
  "cmd": "python train_cnn_bilstm.py --windows /home/user/projects/train/train_data/slipce/windows_npz.npz --epochs 70 --batch 16 --accumulate_steps 8 --result_dir /home/user/projects/train/model/long_window/CNN_BiLSTM/result_focal_sweep/cw05_fg07 --focal_alpha 0.4 --focal_gamma_start 0.0 --focal_gamma_end 1.0 --curriculum_epochs 20 --run_seed None --class_weight_neg 0.8 --class_weight_pos 1.2 --mask_threshold 0.6 --mask_mode soft --window_mask_min_mean None  [auto-mask: occlusion_flag]"
}