{
  "test": {
    "auc": 0.7129612109744561,
    "f1": 0.4883720930232558,
    "recall": 0.4,
    "TP": 42,
    "FP": 25,
    "FN": 63,
    "TN": 126
  },
  "top_epochs": [
    {
      "epoch": 36,
      "auc": 0.7320754716981133,
      "f1": 0.5794392523364486,
      "recall": 0.5849056603773585,
      "score": 0.6126997002292365,
      "TP": 31,
      "FP": 23,
      "FN": 22,
      "TN": 52
    },
    {
      "epoch": 41,
      "auc": 0.7285534591194969,
      "f1": 0.5636363636363636,
      "recall": 0.5849056603773585,
      "score": 0.6072544311034876,
      "TP": 31,
      "FP": 26,
      "FN": 22,
      "TN": 49
    },
    {
      "epoch": 34,
      "auc": 0.7202515723270441,
      "f1": 0.5686274509803921,
      "recall": 0.5471698113207547,
      "score": 0.5882234554199038,
      "TP": 29,
      "FP": 20,
      "FN": 24,
      "TN": 55
    },
    {
      "epoch": 44,
      "auc": 0.6986163522012578,
      "f1": 0.5504587155963303,
      "recall": 0.5660377358490566,
      "score": 0.587879753043679,
      "TP": 30,
      "FP": 26,
      "FN": 23,
      "TN": 49
    }
  ],
  "params": {
    "model": "cnn_bilstm_attn",
    "batch": 16,
    "accumulate_steps": 8,
    "effective_batch": 128,
    "run_seed": null,
    "focal_alpha": 0.25,
    "focal_gamma_start": 0.0,
    "focal_gamma_end": 2.0,
    "curriculum_epochs": 20,
    "class_weight_neg": 1.0,
    "class_weight_pos": 0.8,
    "mask_mode": "soft",
    "mask_threshold": 0.6,
    "window_mask_min_mean": null
  },
  "cmd": "python train_cnn_bilstm.py --windows /home/user/projects/train/train_data/slipce/windows_npz.npz --epochs 70 --batch 16 --accumulate_steps 8 --result_dir /home/user/projects/train/model/long_window/CNN_BiLSTM/result_focal_sweep/cw02_fg02 --focal_alpha 0.25 --focal_gamma_start 0.0 --focal_gamma_end 2.0 --curriculum_epochs 20 --run_seed None --class_weight_neg 1.0 --class_weight_pos 0.8 --mask_threshold 0.6 --mask_mode soft --window_mask_min_mean None  [auto-mask: occlusion_flag]"
}