{
  "test": {
    "auc": 0.6531693472090823,
    "f1": 0.13793103448275862,
    "recall": 0.0761904761904762,
    "TP": 8,
    "FP": 3,
    "FN": 97,
    "TN": 148
  },
  "top_epochs": [
    {
      "epoch": 10,
      "auc": 0.6130817610062893,
      "f1": 0.10714285714285714,
      "recall": 0.05660377358490566,
      "score": 0.18306109613656785,
      "TP": 3,
      "FP": 0,
      "FN": 50,
      "TN": 75
    },
    {
      "epoch": 9,
      "auc": 0.6100628930817611,
      "f1": 0.07272727272727272,
      "recall": 0.03773584905660377,
      "score": 0.16269868496283593,
      "TP": 2,
      "FP": 0,
      "FN": 51,
      "TN": 75
    },
    {
      "epoch": 8,
      "auc": 0.6077987421383647,
      "f1": 0.07142857142857142,
      "recall": 0.03773584905660377,
      "score": 0.16185624438454627,
      "TP": 2,
      "FP": 1,
      "FN": 51,
      "TN": 74
    },
    {
      "epoch": 6,
      "auc": 0.6055345911949686,
      "f1": 0.07017543859649122,
      "recall": 0.03773584905660377,
      "score": 0.16102747434624298,
      "TP": 2,
      "FP": 2,
      "FN": 51,
      "TN": 73
    }
  ],
  "params": {
    "model": "cnn_bilstm_attn",
    "batch": 16,
    "accumulate_steps": 8,
    "effective_batch": 128,
    "run_seed": null,
    "focal_alpha": 0.25,
    "focal_gamma_start": 0.0,
    "focal_gamma_end": 1.5,
    "curriculum_epochs": 20,
    "class_weight_neg": 1.0,
    "class_weight_pos": 1.0,
    "mask_mode": "soft",
    "mask_threshold": 0.6,
    "window_mask_min_mean": null
  },
  "cmd": "python train_cnn_bilstm.py --windows /home/user/projects/train/train_data/slipce/windows_npz.npz --epochs 10 --batch 16 --accumulate_steps 8 --result_dir /home/user/projects/train/model/long_window/CNN_BiLSTM/result_focal_sweep_smoke/cw01_fg01 --focal_alpha 0.25 --focal_gamma_start 0.0 --focal_gamma_end 1.5 --curriculum_epochs 20 --run_seed None --class_weight_neg 1.0 --class_weight_pos 1.0 --mask_threshold 0.6 --mask_mode soft --window_mask_min_mean None  [auto-mask: occlusion_flag]"
}