{
  "epoch": 2,
  "threshold": 0.4249904979413478,
  "f1_opt": 0.5294117647058824
}