{
  "test": {
    "auc": 0.6399873856827499,
    "f1": 0.192,
    "recall": 0.11428571428571428,
    "TP": 12,
    "FP": 8,
    "FN": 93,
    "TN": 143
  },
  "top_epochs": [
    {
      "epoch": 18,
      "auc": 0.5388679245283019,
      "f1": 0.2535211267605634,
      "recall": 0.16981132075471697,
      "score": 0.3056412436885464,
      "TP": 9,
      "FP": 9,
      "FN": 44,
      "TN": 66
    },
    {
      "epoch": 22,
      "auc": 0.5240251572327044,
      "f1": 0.24324324324324326,
      "recall": 0.16981132075471697,
      "score": 0.2981050484446711,
      "TP": 9,
      "FP": 12,
      "FN": 44,
      "TN": 63
    },
    {
      "epoch": 19,
      "auc": 0.5345911949685535,
      "f1": 0.2318840579710145,
      "recall": 0.1509433962264151,
      "score": 0.2903199343724364,
      "TP": 8,
      "FP": 8,
      "FN": 45,
      "TN": 67
    },
    {
      "epoch": 20,
      "auc": 0.5345911949685535,
      "f1": 0.2222222222222222,
      "recall": 0.1509433962264151,
      "score": 0.28742138364779873,
      "TP": 8,
      "FP": 11,
      "FN": 45,
      "TN": 64
    }
  ],
  "params": {
    "arch": "gated",
    "filters": 64,
    "kernel": 3,
    "dropout": 0.2,
    "attn_units": 32,
    "gate_type": "vector_sigmoid"
  },
  "cmd": "python train_tcn_residual.py --windows /home/user/projects/train/train_data/slipce/windows_npz.npz --window_type long --arch gated --attn_units 32 --gate_type vector_sigmoid --epochs 100 --batch 64 --filters 64 --kernel 3 --dropout 0.2 --result_dir /home/user/projects/train/model/long_window/TCN_Residual/result --use_layernorm --focal_alpha 0.25 --focal_gamma_start 0.0 --focal_gamma_end 2.0 --curriculum_epochs 20 --run_seed 21"
}