{
  "test": {
    "auc": 0.6970040996531064,
    "f1": 0.5543478260869565,
    "recall": 0.4857142857142857,
    "TP": 51,
    "FP": 28,
    "FN": 54,
    "TN": 123
  },
  "top_epochs": [
    {
      "epoch": 42,
      "auc": 0.7574842767295596,
      "f1": 0.6355140186915887,
      "recall": 0.6415094339622641,
      "score": 0.6629057779345207,
      "TP": 34,
      "FP": 20,
      "FN": 19,
      "TN": 55
    },
    {
      "epoch": 49,
      "auc": 0.7640251572327044,
      "f1": 0.6126126126126126,
      "recall": 0.6415094339622641,
      "score": 0.6573435322114567,
      "TP": 34,
      "FP": 24,
      "FN": 19,
      "TN": 51
    },
    {
      "epoch": 48,
      "auc": 0.7506918238993711,
      "f1": 0.6181818181818182,
      "recall": 0.6415094339622641,
      "score": 0.6563476272155517,
      "TP": 34,
      "FP": 23,
      "FN": 19,
      "TN": 52
    },
    {
      "epoch": 44,
      "auc": 0.748930817610063,
      "f1": 0.594059405940594,
      "recall": 0.5660377358490566,
      "score": 0.6110228532287191,
      "TP": 30,
      "FP": 18,
      "FN": 23,
      "TN": 57
    }
  ],
  "params": {
    "model": "cnn_bilstm_attn",
    "batch": 16,
    "accumulate_steps": 8,
    "effective_batch": 128,
    "run_seed": null,
    "focal_alpha": 0.22,
    "focal_gamma_start": 0.0,
    "focal_gamma_end": 1.6,
    "curriculum_epochs": 20,
    "class_weight_neg": 0.95,
    "class_weight_pos": 0.8,
    "mask_mode": "soft",
    "mask_threshold": 0.6,
    "window_mask_min_mean": null
  },
  "cmd": "python train_cnn_bilstm.py --windows /home/user/projects/train/train_data/slipce/windows_npz.npz --epochs 70 --batch 16 --accumulate_steps 8 --result_dir /home/user/projects/train/model/long_window/CNN_BiLSTM/result_focal_refine/cw04_fg02 --focal_alpha 0.22 --focal_gamma_start 0.0 --focal_gamma_end 1.6 --curriculum_epochs 20 --run_seed None --class_weight_neg 0.95 --class_weight_pos 0.8 --mask_threshold 0.6 --mask_mode soft --window_mask_min_mean None  [auto-mask: occlusion_flag]"
}