{
  "test": {
    "auc": 0.6857142857142857,
    "f1": 0.5527638190954773,
    "recall": 0.5238095238095238,
    "TP": 55,
    "FP": 39,
    "FN": 50,
    "TN": 112
  },
  "top_epochs": [
    {
      "epoch": 61,
      "auc": 0.7275471698113207,
      "f1": 0.631578947368421,
      "recall": 0.6792452830188679,
      "score": 0.6746057596822244,
      "TP": 36,
      "FP": 25,
      "FN": 17,
      "TN": 50
    },
    {
      "epoch": 60,
      "auc": 0.7373584905660377,
      "f1": 0.6213592233009708,
      "recall": 0.6037735849056604,
      "score": 0.635766257556329,
      "TP": 32,
      "FP": 18,
      "FN": 21,
      "TN": 57
    },
    {
      "epoch": 64,
      "auc": 0.7139622641509433,
      "f1": 0.5904761904761905,
      "recall": 0.5849056603773585,
      "score": 0.612388140161725,
      "TP": 31,
      "FP": 21,
      "FN": 22,
      "TN": 54
    },
    {
      "epoch": 58,
      "auc": 0.730062893081761,
      "f1": 0.594059405940594,
      "recall": 0.5660377358490566,
      "score": 0.6072492683230587,
      "TP": 30,
      "FP": 18,
      "FN": 23,
      "TN": 57
    }
  ],
  "params": {
    "model": "cnn_bilstm_attn",
    "batch": 16,
    "accumulate_steps": 8,
    "effective_batch": 128,
    "run_seed": null,
    "focal_alpha": 0.25,
    "focal_gamma_start": 0.0,
    "focal_gamma_end": 1.4,
    "curriculum_epochs": 20,
    "class_weight_neg": 0.95,
    "class_weight_pos": 0.8,
    "mask_mode": "soft",
    "mask_threshold": 0.6,
    "window_mask_min_mean": null
  },
  "cmd": "python train_cnn_bilstm.py --windows /home/user/projects/train/train_data/slipce/windows_npz.npz --epochs 70 --batch 16 --accumulate_steps 8 --result_dir /home/user/projects/train/model/long_window/CNN_BiLSTM/result_focal_refine/cw04_fg03 --focal_alpha 0.25 --focal_gamma_start 0.0 --focal_gamma_end 1.4 --curriculum_epochs 20 --run_seed None --class_weight_neg 0.95 --class_weight_pos 0.8 --mask_threshold 0.6 --mask_mode soft --window_mask_min_mean None  [auto-mask: occlusion_flag]"
}