{
  "test": {
    "auc": 0.7058971933144118,
    "f1": 0.3888888888888889,
    "recall": 0.26666666666666666,
    "TP": 28,
    "FP": 11,
    "FN": 77,
    "TN": 140
  },
  "top_epochs": [
    {
      "epoch": 40,
      "auc": 0.7197484276729559,
      "f1": 0.5274725274725275,
      "recall": 0.4528301886792453,
      "score": 0.528606538115972,
      "TP": 24,
      "FP": 14,
      "FN": 29,
      "TN": 61
    },
    {
      "epoch": 39,
      "auc": 0.72,
      "f1": 0.4772727272727273,
      "recall": 0.39622641509433965,
      "score": 0.48529502572898797,
      "TP": 21,
      "FP": 14,
      "FN": 32,
      "TN": 61
    },
    {
      "epoch": 35,
      "auc": 0.731069182389937,
      "f1": 0.4819277108433735,
      "recall": 0.37735849056603776,
      "score": 0.4794713950140183,
      "TP": 20,
      "FP": 10,
      "FN": 33,
      "TN": 65
    },
    {
      "epoch": 34,
      "auc": 0.7355974842767296,
      "f1": 0.4578313253012048,
      "recall": 0.3584905660377358,
      "score": 0.4637141774645753,
      "TP": 19,
      "FP": 11,
      "FN": 34,
      "TN": 64
    }
  ],
  "params": {
    "model": "cnn_bilstm_attn",
    "batch": 16,
    "accumulate_steps": 8,
    "effective_batch": 128,
    "run_seed": null,
    "focal_alpha": 0.22,
    "focal_gamma_start": 0.0,
    "focal_gamma_end": 1.4,
    "curriculum_epochs": 20,
    "class_weight_neg": 1.1,
    "class_weight_pos": 0.8,
    "mask_mode": "soft",
    "mask_threshold": 0.6,
    "window_mask_min_mean": null
  },
  "cmd": "python train_cnn_bilstm.py --windows /home/user/projects/train/train_data/slipce/windows_npz.npz --epochs 70 --batch 16 --accumulate_steps 8 --result_dir /home/user/projects/train/model/long_window/CNN_BiLSTM/result_focal_refine/cw06_fg01 --focal_alpha 0.22 --focal_gamma_start 0.0 --focal_gamma_end 1.4 --curriculum_epochs 20 --run_seed None --class_weight_neg 1.1 --class_weight_pos 0.8 --mask_threshold 0.6 --mask_mode soft --window_mask_min_mean None  [auto-mask: occlusion_flag]"
}