{
  "test": {
    "auc": 0.74720908230842,
    "f1": 0.5959595959595959,
    "recall": 0.5619047619047619,
    "TP": 59,
    "FP": 34,
    "FN": 46,
    "TN": 117
  },
  "top_epochs": [
    {
      "epoch": 44,
      "auc": 0.7456603773584906,
      "f1": 0.6126126126126126,
      "recall": 0.6415094339622641,
      "score": 0.653670576236614,
      "TP": 34,
      "FP": 24,
      "FN": 19,
      "TN": 51
    },
    {
      "epoch": 33,
      "auc": 0.7245283018867924,
      "f1": 0.591304347826087,
      "recall": 0.6415094339622641,
      "score": 0.6430516817063167,
      "TP": 34,
      "FP": 28,
      "FN": 19,
      "TN": 47
    },
    {
      "epoch": 42,
      "auc": 0.7182389937106919,
      "f1": 0.5811965811965812,
      "recall": 0.6415094339622641,
      "score": 0.6387614900822448,
      "TP": 34,
      "FP": 30,
      "FN": 19,
      "TN": 45
    },
    {
      "epoch": 58,
      "auc": 0.7436477987421384,
      "f1": 0.5925925925925926,
      "recall": 0.6037735849056604,
      "score": 0.6283941299790357,
      "TP": 32,
      "FP": 23,
      "FN": 21,
      "TN": 52
    }
  ],
  "params": {
    "model": "cnn_bilstm_attn",
    "batch": 16,
    "accumulate_steps": 8,
    "effective_batch": 128,
    "run_seed": null,
    "focal_alpha": 0.4,
    "focal_gamma_start": 0.0,
    "focal_gamma_end": 1.5,
    "curriculum_epochs": 20,
    "class_weight_neg": 1.0,
    "class_weight_pos": 0.8,
    "mask_mode": "soft",
    "mask_threshold": 0.6,
    "window_mask_min_mean": null
  },
  "cmd": "python train_cnn_bilstm.py --windows /home/user/projects/train/train_data/slipce/windows_npz.npz --epochs 70 --batch 16 --accumulate_steps 8 --result_dir /home/user/projects/train/model/long_window/CNN_BiLSTM/result_focal_sweep/cw02_fg08 --focal_alpha 0.4 --focal_gamma_start 0.0 --focal_gamma_end 1.5 --curriculum_epochs 20 --run_seed None --class_weight_neg 1.0 --class_weight_pos 0.8 --mask_threshold 0.6 --mask_mode soft --window_mask_min_mean None  [auto-mask: occlusion_flag]"
}