{
  "model": "tcn_attention_long",
  "split": "long",
  "device": "cuda",
  "params": {
    "tcn_channels": "128,128,256,256",
    "tcn_kernel": 3,
    "tcn_dropout": 0.1,
    "tcn_dil_growth": 2,
    "attn_type": "additive",
    "attn_hidden": 192,
    "mhsa_heads": 4,
    "fc_hidden": 192,
    "fc_dropout": 0.3
  },
  "data": {
    "N": 1276,
    "T": 75,
    "F": 36
  },
  "core_metrics": {
    "best": {
      "epoch": 1,
      "train_loss": 0.10658184870216451,
      "train_acc": 0.9500489715964741,
      "val_loss": 1.164026661012687,
      "val_acc": 0.6705882352941176
    },
    "last": {
      "epoch": 17,
      "train_loss": 0.061168141283612996,
      "train_acc": 0.9735553379040157,
      "val_loss": 1.3486495695862115,
      "val_acc": 0.6431372549019608
    },
    "generalization_gap": {
      "at_best": -1.0574448123105225,
      "at_last": -1.2874814283025986
    },
    "top_k": [
      {
        "epoch": 1,
        "train_loss": 0.10658184870216451,
        "train_acc": 0.9500489715964741,
        "val_loss": 1.164026661012687,
        "val_acc": 0.6705882352941176
      },
      {
        "epoch": 5,
        "train_loss": 0.08883228166490413,
        "train_acc": 0.9686581782566112,
        "val_loss": 1.1863603895785761,
        "val_acc": 0.6745098039215687
      },
      {
        "epoch": 2,
        "train_loss": 0.08036786422177229,
        "train_acc": 0.9676787463271302,
        "val_loss": 1.1950948682485842,
        "val_acc": 0.6627450980392157
      },
      {
        "epoch": 3,
        "train_loss": 0.07748561181733704,
        "train_acc": 0.9637610186092067,
        "val_loss": 1.19771755770141,
        "val_acc": 0.6470588235294118
      }
    ]
  },
  "monitor": {
    "primary": "val_loss",
    "secondary": "val_acc"
  },
  "trends": {
    "train_loss_slope": -2.2205345057755967e-05,
    "train_acc_slope": -0.0004353030797692818,
    "val_loss_slope": -0.002706863885351771,
    "val_acc_slope": 0.0021786492374727714
  },
  "overfitting": {
    "is_overfit": true,
    "score": 2,
    "signals": {
      "early_best": true,
      "loss_rebound": false,
      "gap_large": false,
      "acc_drop": true,
      "best_epoch_ratio": 0.06
    }
  },
  "hparams": {
    "model": "tcn_attention_long",
    "split": "long",
    "device": "cuda",
    "num_params": 991043,
    "epochs": 40,
    "batch_size": 128,
    "lr": 3e-05,
    "weight_decay": 0.0001,
    "seed": 42,
    "use_norm": true,
    "balance_by_class": false,
    "amplify_hard_negative": false,
    "hard_negative_factor": 1.5,
    "temporal_jitter_frames": 0,
    "val_ratio": 0.2,
    "num_workers": 0,
    "params": {
      "tcn_channels": "128,128,256,256",
      "tcn_kernel": 3,
      "tcn_dropout": 0.1,
      "tcn_dil_growth": 2,
      "attn_type": "additive",
      "attn_hidden": 192,
      "mhsa_heads": 4,
      "fc_hidden": 192,
      "fc_dropout": 0.3
    },
    "data": {
      "N": 1276,
      "T": 75,
      "F": 36
    }
  }
}