run,auc,f1,recall,precision,TP,FP,FN,TN,batch,accumulate_steps,effective_batch,composite,precision_aware
03,0.7350362661620939,0.550561797752809,0.4666666666666667,,49,24,56,127,64.0,1.0,64.0,0.5455091258915948,0.31217579255826144
02,0.7493535162409335,0.6010362694300518,0.5523809523809524,,58,30,47,121,,,,0.6063720602676785,0.3301815840772023
01,0.7463260801009145,0.5325443786982249,0.42857142857142855,,45,19,60,132,,,,0.5233142439153646,0.3090285296296504
