metric,mean,std,ci95,n
test_auc,0.7178964194373402,0.022126704319278937,0.013714273421353364,10
test_f1,0.6492016964273615,0.050143900115342616,0.031079511285178663,10
test_recall,0.6244565217391305,0.09784118241019645,0.060642593134523824,10
test_precision,0.688669420288566,0.0375821029730736,0.02329362875216406,10
test_composite,0.6505680536852416,0.06489351805083442,0.04022141919468988,10
test_precision_aware,0.6826745029599596,0.02227978854244507,0.013809156005885692,10
