{
  "test": {
    "auc": 0.7283506780195522,
    "f1": 0.5963302752293578,
    "recall": 0.6190476190476191,
    "TP": 65,
    "FP": 48,
    "FN": 40,
    "TN": 103
  },
  "top_epochs": [
    {
      "epoch": 46,
      "auc": 0.7461635220125786,
      "f1": 0.6666666666666666,
      "recall": 0.7547169811320755,
      "score": 0.7265911949685535,
      "TP": 40,
      "FP": 27,
      "FN": 13,
      "TN": 48
    },
    {
      "epoch": 52,
      "auc": 0.7818867924528302,
      "f1": 0.6915887850467289,
      "recall": 0.6981132075471698,
      "score": 0.7129105977781696,
      "TP": 37,
      "FP": 17,
      "FN": 16,
      "TN": 58
    },
    {
      "epoch": 66,
      "auc": 0.7844025157232705,
      "f1": 0.6788990825688074,
      "recall": 0.6981132075471698,
      "score": 0.7096068316888812,
      "TP": 37,
      "FP": 19,
      "FN": 16,
      "TN": 56
    },
    {
      "epoch": 43,
      "auc": 0.7212578616352201,
      "f1": 0.6290322580645161,
      "recall": 0.7358490566037735,
      "score": 0.7008857780482856,
      "TP": 39,
      "FP": 32,
      "FN": 14,
      "TN": 43
    }
  ],
  "params": {
    "model": "cnn_bilstm_attn",
    "batch": 16,
    "accumulate_steps": 8,
    "effective_batch": 128,
    "run_seed": null,
    "focal_alpha": 0.4,
    "focal_gamma_start": 0.0,
    "focal_gamma_end": 1.5,
    "curriculum_epochs": 20,
    "class_weight_neg": 0.8,
    "class_weight_pos": 1.2,
    "mask_mode": "soft",
    "mask_threshold": 0.6,
    "window_mask_min_mean": null
  },
  "cmd": "python train_cnn_bilstm.py --windows /home/user/projects/train/train_data/slipce/windows_npz.npz --epochs 70 --batch 16 --accumulate_steps 8 --result_dir /home/user/projects/train/model/long_window/CNN_BiLSTM/result_focal_sweep/cw05_fg08 --focal_alpha 0.4 --focal_gamma_start 0.0 --focal_gamma_end 1.5 --curriculum_epochs 20 --run_seed None --class_weight_neg 0.8 --class_weight_pos 1.2 --mask_threshold 0.6 --mask_mode soft --window_mask_min_mean None  [auto-mask: occlusion_flag]"
}