{
  "test": {
    "auc": 0.7306212551245664,
    "f1": 0.6153846153846154,
    "recall": 0.6476190476190476,
    "TP": 68,
    "FP": 48,
    "FN": 37,
    "TN": 103
  },
  "top_epochs": [
    {
      "epoch": 34,
      "auc": 0.7116981132075472,
      "f1": 0.639344262295082,
      "recall": 0.7358490566037735,
      "score": 0.7020674296319208,
      "TP": 39,
      "FP": 30,
      "FN": 14,
      "TN": 45
    },
    {
      "epoch": 47,
      "auc": 0.7076729559748427,
      "f1": 0.609375,
      "recall": 0.7358490566037735,
      "score": 0.6922716194968553,
      "TP": 39,
      "FP": 36,
      "FN": 14,
      "TN": 39
    },
    {
      "epoch": 65,
      "auc": 0.7494339622641509,
      "f1": 0.6166666666666667,
      "recall": 0.6981132075471698,
      "score": 0.6839433962264151,
      "TP": 37,
      "FP": 30,
      "FN": 16,
      "TN": 45
    },
    {
      "epoch": 32,
      "auc": 0.7325786163522012,
      "f1": 0.6545454545454545,
      "recall": 0.6792452830188679,
      "score": 0.6825020011435106,
      "TP": 36,
      "FP": 21,
      "FN": 17,
      "TN": 54
    }
  ],
  "params": {
    "model": "cnn_bilstm_attn",
    "batch": 16,
    "accumulate_steps": 8,
    "effective_batch": 128,
    "run_seed": null,
    "focal_alpha": 0.4,
    "focal_gamma_start": 0.0,
    "focal_gamma_end": 1.0,
    "curriculum_epochs": 20,
    "class_weight_neg": 1.05,
    "class_weight_pos": 0.8,
    "mask_mode": "soft",
    "mask_threshold": 0.6,
    "window_mask_min_mean": null
  },
  "cmd": "python train_cnn_bilstm.py --windows /home/user/projects/train/train_data/slipce/windows_npz.npz --epochs 70 --batch 16 --accumulate_steps 8 --result_dir result_confirm --focal_alpha 0.4 --focal_gamma_start 0.0 --focal_gamma_end 1.0 --curriculum_epochs 20 --no_early_stop --run_seed None --class_weight_neg 1.05 --class_weight_pos 0.8 --mask_threshold 0.6 --mask_mode soft --window_mask_min_mean None  [auto-mask: occlusion_flag]"
}