{
  "test": {
    "auc": 0.6269315673289183,
    "f1": 0.12173913043478261,
    "recall": 0.06666666666666667,
    "TP": 7,
    "FP": 3,
    "FN": 98,
    "TN": 148
  },
  "top_epochs": [
    {
      "epoch": 10,
      "auc": 0.5922012578616352,
      "f1": 0.22580645161290322,
      "recall": 0.1320754716981132,
      "score": 0.25221992290525463,
      "TP": 7,
      "FP": 2,
      "FN": 46,
      "TN": 73
    },
    {
      "epoch": 9,
      "auc": 0.5911949685534591,
      "f1": 0.2,
      "recall": 0.11320754716981132,
      "score": 0.2348427672955975,
      "TP": 6,
      "FP": 1,
      "FN": 47,
      "TN": 74
    },
    {
      "epoch": 7,
      "auc": 0.5954716981132075,
      "f1": 0.1724137931034483,
      "recall": 0.09433962264150944,
      "score": 0.21798828887443072,
      "TP": 5,
      "FP": 0,
      "FN": 48,
      "TN": 75
    },
    {
      "epoch": 8,
      "auc": 0.5944654088050314,
      "f1": 0.1724137931034483,
      "recall": 0.09433962264150944,
      "score": 0.2177870310127955,
      "TP": 5,
      "FP": 0,
      "FN": 48,
      "TN": 75
    }
  ],
  "params": {
    "model": "cnn_bilstm_attn",
    "batch": 16,
    "accumulate_steps": 8,
    "effective_batch": 128,
    "run_seed": null,
    "focal_alpha": 0.32,
    "focal_gamma_start": 0.0,
    "focal_gamma_end": 1.4,
    "curriculum_epochs": 20,
    "class_weight_neg": 1.1,
    "class_weight_pos": 0.8,
    "mask_mode": "soft",
    "mask_threshold": 0.6,
    "window_mask_min_mean": null
  },
  "cmd": "python train_cnn_bilstm.py --windows /home/user/projects/train/train_data/slipce/windows_npz.npz --epochs 70 --batch 16 --accumulate_steps 8 --result_dir /home/user/projects/train/model/long_window/CNN_BiLSTM/result_focal_refine/cw06_fg07 --focal_alpha 0.32 --focal_gamma_start 0.0 --focal_gamma_end 1.4 --curriculum_epochs 20 --run_seed None --class_weight_neg 1.1 --class_weight_pos 0.8 --mask_threshold 0.6 --mask_mode soft --window_mask_min_mean None  [auto-mask: occlusion_flag]"
}