{
  "test": {
    "auc": 0.7064648375906654,
    "f1": 0.29850746268656714,
    "recall": 0.19047619047619047,
    "TP": 20,
    "FP": 9,
    "FN": 85,
    "TN": 142
  },
  "top_epochs": [
    {
      "epoch": 30,
      "auc": 0.7255345911949685,
      "f1": 0.4523809523809524,
      "recall": 0.3584905660377358,
      "score": 0.46006648697214736,
      "TP": 19,
      "FP": 12,
      "FN": 34,
      "TN": 63
    },
    {
      "epoch": 33,
      "auc": 0.7275471698113208,
      "f1": 0.42857142857142855,
      "recall": 0.33962264150943394,
      "score": 0.4438921832884097,
      "TP": 18,
      "FP": 13,
      "FN": 35,
      "TN": 62
    },
    {
      "epoch": 36,
      "auc": 0.7260377358490565,
      "f1": 0.41975308641975306,
      "recall": 0.32075471698113206,
      "score": 0.4315108315863032,
      "TP": 17,
      "FP": 11,
      "FN": 36,
      "TN": 64
    },
    {
      "epoch": 38,
      "auc": 0.7230188679245283,
      "f1": 0.4,
      "recall": 0.32075471698113206,
      "score": 0.42498113207547167,
      "TP": 17,
      "FP": 15,
      "FN": 36,
      "TN": 60
    }
  ],
  "params": {
    "model": "cnn_bilstm_attn",
    "batch": 16,
    "accumulate_steps": 8,
    "effective_batch": 128,
    "run_seed": null,
    "focal_alpha": 0.22,
    "focal_gamma_start": 0.0,
    "focal_gamma_end": 1.4,
    "curriculum_epochs": 20,
    "class_weight_neg": 1.0,
    "class_weight_pos": 1.0,
    "mask_mode": "soft",
    "mask_threshold": 0.6,
    "window_mask_min_mean": null
  },
  "cmd": "python train_cnn_bilstm.py --windows /home/user/projects/train/train_data/slipce/windows_npz.npz --epochs 70 --batch 16 --accumulate_steps 8 --result_dir /home/user/projects/train/model/long_window/CNN_BiLSTM/result_focal_refine/cw08_fg01 --focal_alpha 0.22 --focal_gamma_start 0.0 --focal_gamma_end 1.4 --curriculum_epochs 20 --run_seed None --class_weight_neg 1.0 --class_weight_pos 1.0 --mask_threshold 0.6 --mask_mode soft --window_mask_min_mean None  [auto-mask: occlusion_flag]"
}