{
  "test": {
    "auc": 0.6959949542731,
    "f1": 0.5030674846625767,
    "recall": 0.3904761904761905,
    "TP": 41,
    "FP": 17,
    "FN": 64,
    "TN": 134
  },
  "top_epochs": [
    {
      "epoch": 40,
      "auc": 0.6953459119496855,
      "f1": 0.6115702479338843,
      "recall": 0.6981132075471698,
      "score": 0.6715968605436873,
      "TP": 37,
      "FP": 31,
      "FN": 16,
      "TN": 44
    },
    {
      "epoch": 45,
      "auc": 0.7109433962264151,
      "f1": 0.5811965811965812,
      "recall": 0.6415094339622641,
      "score": 0.6373023705853894,
      "TP": 34,
      "FP": 30,
      "FN": 19,
      "TN": 45
    },
    {
      "epoch": 38,
      "auc": 0.6988679245283019,
      "f1": 0.5714285714285714,
      "recall": 0.6037735849056604,
      "score": 0.613088948787062,
      "TP": 32,
      "FP": 27,
      "FN": 21,
      "TN": 48
    },
    {
      "epoch": 50,
      "auc": 0.6918238993710691,
      "f1": 0.5517241379310345,
      "recall": 0.6037735849056604,
      "score": 0.6057688137063544,
      "TP": 32,
      "FP": 31,
      "FN": 21,
      "TN": 44
    }
  ],
  "params": {
    "model": "cnn_bilstm_attn",
    "batch": 16,
    "accumulate_steps": 8,
    "effective_batch": 128,
    "run_seed": null,
    "focal_alpha": 0.25,
    "focal_gamma_start": 0.0,
    "focal_gamma_end": 1.6,
    "curriculum_epochs": 20,
    "class_weight_neg": 1.0,
    "class_weight_pos": 0.85,
    "mask_mode": "soft",
    "mask_threshold": 0.6,
    "window_mask_min_mean": null
  },
  "cmd": "python train_cnn_bilstm.py --windows /home/user/projects/train/train_data/slipce/windows_npz.npz --epochs 70 --batch 16 --accumulate_steps 8 --result_dir /home/user/projects/train/model/long_window/CNN_BiLSTM/result_focal_refine/cw03_fg04 --focal_alpha 0.25 --focal_gamma_start 0.0 --focal_gamma_end 1.6 --curriculum_epochs 20 --run_seed None --class_weight_neg 1.0 --class_weight_pos 0.85 --mask_threshold 0.6 --mask_mode soft --window_mask_min_mean None  [auto-mask: occlusion_flag]"
}