{
  "test": {
    "auc": 0.7346578366445915,
    "f1": 0.640625,
    "recall": 0.780952380952381,
    "TP": 82,
    "FP": 69,
    "FN": 23,
    "TN": 82
  },
  "top_epochs": [
    {
      "epoch": 70,
      "auc": 0.7688050314465409,
      "f1": 0.6776859504132231,
      "recall": 0.7735849056603774,
      "score": 0.7438592442434638,
      "TP": 41,
      "FP": 27,
      "FN": 12,
      "TN": 48
    },
    {
      "epoch": 61,
      "auc": 0.7740880503144654,
      "f1": 0.6779661016949152,
      "recall": 0.7547169811320755,
      "score": 0.7355659311374054,
      "TP": 40,
      "FP": 25,
      "FN": 13,
      "TN": 50
    },
    {
      "epoch": 66,
      "auc": 0.7569811320754717,
      "f1": 0.6837606837606838,
      "recall": 0.7547169811320755,
      "score": 0.7338829221093373,
      "TP": 40,
      "FP": 24,
      "FN": 13,
      "TN": 51
    },
    {
      "epoch": 46,
      "auc": 0.7494339622641509,
      "f1": 0.6611570247933884,
      "recall": 0.7547169811320755,
      "score": 0.7255923904568845,
      "TP": 40,
      "FP": 28,
      "FN": 13,
      "TN": 47
    }
  ],
  "params": {
    "model": "cnn_bilstm_attn",
    "batch": 16,
    "accumulate_steps": 8,
    "effective_batch": 128,
    "run_seed": null,
    "focal_alpha": 0.4,
    "focal_gamma_start": 0.0,
    "focal_gamma_end": 1.0,
    "curriculum_epochs": 20,
    "class_weight_neg": 1.05,
    "class_weight_pos": 0.8,
    "mask_mode": "soft",
    "mask_threshold": 0.6,
    "window_mask_min_mean": null
  },
  "cmd": "python train_cnn_bilstm.py --windows /home/user/projects/train/train_data/slipce/windows_npz.npz --epochs 70 --batch 16 --accumulate_steps 8 --result_dir /home/user/projects/train/model/long_window/CNN_BiLSTM/result_focal_refine/cw05_fg09 --focal_alpha 0.4 --focal_gamma_start 0.0 --focal_gamma_end 1.0 --curriculum_epochs 20 --run_seed None --class_weight_neg 1.05 --class_weight_pos 0.8 --mask_threshold 0.6 --mask_mode soft --window_mask_min_mean None  [auto-mask: occlusion_flag]"
}