{
  "epoch": 6,
  "threshold": 0.34346580954652334,
  "f1_opt": 0.5362776025236592
}