{
  "epoch": 3,
  "threshold": 0.17733784544108502,
  "f1_opt": 0.5415162454873647
}