{
  "test": {
    "auc": 0.7473982970671712,
    "f1": 0.5668449197860963,
    "recall": 0.5047619047619047,
    "TP": 53,
    "FP": 29,
    "FN": 52,
    "TN": 122
  },
  "top_epochs": [
    {
      "epoch": 41,
      "auc": 0.7189937106918239,
      "f1": 0.5849056603773585,
      "recall": 0.5849056603773585,
      "score": 0.6117232704402515,
      "TP": 31,
      "FP": 22,
      "FN": 22,
      "TN": 53
    },
    {
      "epoch": 38,
      "auc": 0.7044025157232704,
      "f1": 0.5688073394495413,
      "recall": 0.5849056603773585,
      "score": 0.6039755351681957,
      "TP": 31,
      "FP": 25,
      "FN": 22,
      "TN": 50
    },
    {
      "epoch": 34,
      "auc": 0.7116981132075473,
      "f1": 0.5825242718446602,
      "recall": 0.5660377358490566,
      "score": 0.6001157721194358,
      "TP": 30,
      "FP": 20,
      "FN": 23,
      "TN": 55
    },
    {
      "epoch": 31,
      "auc": 0.7111949685534591,
      "f1": 0.5918367346938775,
      "recall": 0.5471698113207547,
      "score": 0.5933749197792324,
      "TP": 29,
      "FP": 16,
      "FN": 24,
      "TN": 59
    }
  ],
  "params": {
    "model": "cnn_bilstm_attn",
    "batch": 16,
    "accumulate_steps": 8,
    "effective_batch": 128,
    "run_seed": null,
    "focal_alpha": 0.32,
    "focal_gamma_start": 0.0,
    "focal_gamma_end": 1.4,
    "curriculum_epochs": 20,
    "class_weight_neg": 0.95,
    "class_weight_pos": 0.8,
    "mask_mode": "soft",
    "mask_threshold": 0.6,
    "window_mask_min_mean": null
  },
  "cmd": "python train_cnn_bilstm.py --windows /home/user/projects/train/train_data/slipce/windows_npz.npz --epochs 70 --batch 16 --accumulate_steps 8 --result_dir /home/user/projects/train/model/long_window/CNN_BiLSTM/result_focal_refine/cw04_fg07 --focal_alpha 0.32 --focal_gamma_start 0.0 --focal_gamma_end 1.4 --curriculum_epochs 20 --run_seed None --class_weight_neg 0.95 --class_weight_pos 0.8 --mask_threshold 0.6 --mask_mode soft --window_mask_min_mean None  [auto-mask: occlusion_flag]"
}