{
  "test": {
    "auc": 0.5360454115421003,
    "f1": 0.018867924528301886,
    "recall": 0.009523809523809525,
    "TP": 1,
    "FP": 0,
    "FN": 104,
    "TN": 151
  },
  "top_epochs": [
    {
      "epoch": 7,
      "auc": 0.5371069182389937,
      "f1": 0.15873015873015872,
      "recall": 0.09433962264150944,
      "score": 0.2464869721473495,
      "TP": 5,
      "FP": 5,
      "FN": 48,
      "TN": 70
    },
    {
      "epoch": 8,
      "auc": 0.5288050314465408,
      "f1": 0.15625,
      "recall": 0.09433962264150944,
      "score": 0.24325235849056603,
      "TP": 5,
      "FP": 6,
      "FN": 48,
      "TN": 69
    },
    {
      "epoch": 9,
      "auc": 0.5255345911949686,
      "f1": 0.15625,
      "recall": 0.09433962264150944,
      "score": 0.24227122641509435,
      "TP": 5,
      "FP": 6,
      "FN": 48,
      "TN": 69
    },
    {
      "epoch": 10,
      "auc": 0.5220125786163522,
      "f1": 0.15625,
      "recall": 0.09433962264150944,
      "score": 0.24121462264150945,
      "TP": 5,
      "FP": 6,
      "FN": 48,
      "TN": 69
    }
  ],
  "params": {
    "arch": "gated",
    "filters": 64,
    "kernel": 3,
    "dropout": 0.2,
    "attn_units": 32,
    "gate_type": "vector_sigmoid"
  },
  "cmd": "python train_tcn_residual.py --windows /home/user/projects/train/train_data/slipce/windows_npz.npz --window_type long --arch gated --attn_units 32 --gate_type vector_sigmoid --epochs 100 --batch 64 --filters 64 --kernel 3 --dropout 0.2 --result_dir /home/user/projects/train/model/long_window/TCN_Residual/result --use_layernorm --focal_alpha 0.25 --focal_gamma_start 0.0 --focal_gamma_end 1.0 --curriculum_epochs 10 --run_seed 15"
}