{
  "test": {
    "auc": 0.7106906338694419,
    "f1": 0.5113636363636364,
    "recall": 0.42857142857142855,
    "TP": 45,
    "FP": 26,
    "FN": 60,
    "TN": 125
  },
  "top_epochs": [
    {
      "epoch": 51,
      "auc": 0.7723270440251573,
      "f1": 0.6407766990291263,
      "recall": 0.6226415094339622,
      "score": 0.6580191732307504,
      "TP": 33,
      "FP": 17,
      "FN": 20,
      "TN": 58
    },
    {
      "epoch": 49,
      "auc": 0.7506918238993711,
      "f1": 0.6153846153846154,
      "recall": 0.6037735849056604,
      "score": 0.636640541848089,
      "TP": 32,
      "FP": 19,
      "FN": 21,
      "TN": 56
    },
    {
      "epoch": 33,
      "auc": 0.7438993710691824,
      "f1": 0.6153846153846154,
      "recall": 0.6037735849056604,
      "score": 0.6352820512820513,
      "TP": 32,
      "FP": 19,
      "FN": 21,
      "TN": 56
    },
    {
      "epoch": 42,
      "auc": 0.7622641509433963,
      "f1": 0.5858585858585859,
      "recall": 0.5471698113207547,
      "score": 0.6017953116066324,
      "TP": 29,
      "FP": 17,
      "FN": 24,
      "TN": 58
    }
  ],
  "params": {
    "model": "cnn_bilstm_attn",
    "batch": 16,
    "accumulate_steps": 8,
    "effective_batch": 128,
    "run_seed": null,
    "focal_alpha": 0.32,
    "focal_gamma_start": 0.0,
    "focal_gamma_end": 1.6,
    "curriculum_epochs": 20,
    "class_weight_neg": 0.9,
    "class_weight_pos": 0.8,
    "mask_mode": "soft",
    "mask_threshold": 0.6,
    "window_mask_min_mean": null
  },
  "cmd": "python train_cnn_bilstm.py --windows /home/user/projects/train/train_data/slipce/windows_npz.npz --epochs 70 --batch 16 --accumulate_steps 8 --result_dir /home/user/projects/train/model/long_window/CNN_BiLSTM/result_focal_refine/cw07_fg08 --focal_alpha 0.32 --focal_gamma_start 0.0 --focal_gamma_end 1.6 --curriculum_epochs 20 --run_seed None --class_weight_neg 0.9 --class_weight_pos 0.8 --mask_threshold 0.6 --mask_mode soft --window_mask_min_mean None  [auto-mask: occlusion_flag]"
}