{
  "epoch": 4,
  "threshold": 0.3337810758370251,
  "f1_opt": 0.546218487394958
}