{
  "test": {
    "auc": 0.7628508356985177,
    "f1": 0.5806451612903226,
    "recall": 0.5142857142857142,
    "TP": 54,
    "FP": 27,
    "FN": 51,
    "TN": 124
  },
  "top_epochs": [
    {
      "epoch": 46,
      "auc": 0.7461635220125786,
      "f1": 0.6095238095238096,
      "recall": 0.6037735849056604,
      "score": 0.6339766397124889,
      "TP": 32,
      "FP": 20,
      "FN": 21,
      "TN": 55
    },
    {
      "epoch": 62,
      "auc": 0.779119496855346,
      "f1": 0.6138613861386139,
      "recall": 0.5849056603773585,
      "score": 0.6324351454013326,
      "TP": 31,
      "FP": 17,
      "FN": 22,
      "TN": 58
    },
    {
      "epoch": 37,
      "auc": 0.7217610062893083,
      "f1": 0.6019417475728155,
      "recall": 0.5849056603773585,
      "score": 0.6173875557183856,
      "TP": 31,
      "FP": 19,
      "FN": 22,
      "TN": 56
    },
    {
      "epoch": 58,
      "auc": 0.7476729559748428,
      "f1": 0.6060606060606061,
      "recall": 0.5660377358490566,
      "score": 0.6143716409376787,
      "TP": 30,
      "FP": 16,
      "FN": 23,
      "TN": 59
    }
  ],
  "params": {
    "model": "cnn_bilstm_attn",
    "batch": 16,
    "accumulate_steps": 8,
    "effective_batch": 128,
    "run_seed": null,
    "focal_alpha": 0.28,
    "focal_gamma_start": 0.0,
    "focal_gamma_end": 1.4,
    "curriculum_epochs": 20,
    "class_weight_neg": 0.9,
    "class_weight_pos": 0.8,
    "mask_mode": "soft",
    "mask_threshold": 0.6,
    "window_mask_min_mean": null
  },
  "cmd": "python train_cnn_bilstm.py --windows /home/user/projects/train/train_data/slipce/windows_npz.npz --epochs 70 --batch 16 --accumulate_steps 8 --result_dir /home/user/projects/train/model/long_window/CNN_BiLSTM/result_focal_refine/cw07_fg05 --focal_alpha 0.28 --focal_gamma_start 0.0 --focal_gamma_end 1.4 --curriculum_epochs 20 --run_seed None --class_weight_neg 0.9 --class_weight_pos 0.8 --mask_threshold 0.6 --mask_mode soft --window_mask_min_mean None  [auto-mask: occlusion_flag]"
}