{
  "test": {
    "auc": 0.6958688111005992,
    "f1": 0.5764192139737991,
    "recall": 0.6285714285714286,
    "TP": 66,
    "FP": 58,
    "FN": 39,
    "TN": 93
  },
  "top_epochs": [
    {
      "epoch": 35,
      "auc": 0.6953459119496855,
      "f1": 0.6614173228346457,
      "recall": 0.7924528301886793,
      "score": 0.7337207943346705,
      "TP": 42,
      "FP": 32,
      "FN": 11,
      "TN": 43
    },
    {
      "epoch": 47,
      "auc": 0.710691823899371,
      "f1": 0.6456692913385826,
      "recall": 0.7735849056603774,
      "score": 0.7226316050116377,
      "TP": 41,
      "FP": 33,
      "FN": 12,
      "TN": 42
    },
    {
      "epoch": 30,
      "auc": 0.7011320754716981,
      "f1": 0.640625,
      "recall": 0.7735849056603774,
      "score": 0.7192063679245283,
      "TP": 41,
      "FP": 34,
      "FN": 12,
      "TN": 41
    },
    {
      "epoch": 57,
      "auc": 0.7340880503144654,
      "f1": 0.6608695652173913,
      "recall": 0.7169811320754716,
      "score": 0.7035690456658463,
      "TP": 38,
      "FP": 24,
      "FN": 15,
      "TN": 51
    }
  ],
  "params": {
    "model": "cnn_bilstm_attn",
    "batch": 16,
    "accumulate_steps": 8,
    "effective_batch": 128,
    "run_seed": 1,
    "focal_alpha": 0.4,
    "focal_gamma_start": 0.0,
    "focal_gamma_end": 1.0,
    "curriculum_epochs": 20,
    "class_weight_neg": 1.05,
    "class_weight_pos": 0.8,
    "mask_mode": "soft",
    "mask_threshold": 0.6,
    "window_mask_min_mean": null
  },
  "cmd": "python train_cnn_bilstm.py --windows /home/user/projects/train/train_data/slipce/windows_npz.npz --epochs 70 --batch 16 --accumulate_steps 8 --result_dir result_confirm_seed1 --focal_alpha 0.4 --focal_gamma_start 0.0 --focal_gamma_end 1.0 --curriculum_epochs 20 --no_early_stop --run_seed 1 --class_weight_neg 1.05 --class_weight_pos 0.8 --mask_threshold 0.6 --mask_mode soft --window_mask_min_mean None  [auto-mask: occlusion_flag]"
}