{
  "test": {
    "auc": 0.6689372437716808,
    "f1": 0.43478260869565216,
    "recall": 0.3333333333333333,
    "TP": 35,
    "FP": 21,
    "FN": 70,
    "TN": 130
  },
  "top_epochs": [
    {
      "epoch": 40,
      "auc": 0.7516981132075471,
      "f1": 0.6363636363636364,
      "recall": 0.660377358490566,
      "score": 0.6714373927958833,
      "TP": 35,
      "FP": 22,
      "FN": 18,
      "TN": 53
    },
    {
      "epoch": 38,
      "auc": 0.759245283018868,
      "f1": 0.6355140186915887,
      "recall": 0.6415094339622641,
      "score": 0.6632579791923823,
      "TP": 34,
      "FP": 20,
      "FN": 19,
      "TN": 55
    },
    {
      "epoch": 42,
      "auc": 0.7516981132075471,
      "f1": 0.6355140186915887,
      "recall": 0.6415094339622641,
      "score": 0.6617485452301182,
      "TP": 34,
      "FP": 20,
      "FN": 19,
      "TN": 55
    },
    {
      "epoch": 35,
      "auc": 0.7481761006289307,
      "f1": 0.6355140186915887,
      "recall": 0.6415094339622641,
      "score": 0.6610441427143948,
      "TP": 34,
      "FP": 20,
      "FN": 19,
      "TN": 55
    }
  ],
  "params": {
    "model": "cnn_bilstm_attn",
    "batch": 16,
    "accumulate_steps": 8,
    "effective_batch": 128,
    "run_seed": null,
    "focal_alpha": 0.35,
    "focal_gamma_start": 0.0,
    "focal_gamma_end": 1.0,
    "curriculum_epochs": 20,
    "class_weight_neg": 1.1,
    "class_weight_pos": 0.8,
    "mask_mode": "soft",
    "mask_threshold": 0.6,
    "window_mask_min_mean": null
  },
  "cmd": "python train_cnn_bilstm.py --windows /home/user/projects/train/train_data/slipce/windows_npz.npz --epochs 70 --batch 16 --accumulate_steps 8 --result_dir /home/user/projects/train/model/long_window/CNN_BiLSTM/result_focal_refine/cw06_fg10 --focal_alpha 0.35 --focal_gamma_start 0.0 --focal_gamma_end 1.0 --curriculum_epochs 20 --run_seed None --class_weight_neg 1.1 --class_weight_pos 0.8 --mask_threshold 0.6 --mask_mode soft --window_mask_min_mean None  [auto-mask: occlusion_flag]"
}