{
  "test": {
    "auc": 0.6596657205928729,
    "f1": 0.0,
    "recall": 0.0,
    "TP": 0,
    "FP": 0,
    "FN": 105,
    "TN": 151
  },
  "top_epochs": [
    {
      "epoch": 14,
      "auc": 0.599496855345912,
      "f1": 0.07272727272727272,
      "recall": 0.03773584905660377,
      "score": 0.16058547741566612,
      "TP": 2,
      "FP": 0,
      "FN": 51,
      "TN": 75
    },
    {
      "epoch": 13,
      "auc": 0.5959748427672956,
      "f1": 0.07272727272727272,
      "recall": 0.03773584905660377,
      "score": 0.15988107489994283,
      "TP": 2,
      "FP": 0,
      "FN": 51,
      "TN": 75
    },
    {
      "epoch": 12,
      "auc": 0.5881761006289309,
      "f1": 0.037037037037037035,
      "recall": 0.018867924528301886,
      "score": 0.13818029350104824,
      "TP": 1,
      "FP": 0,
      "FN": 52,
      "TN": 75
    },
    {
      "epoch": 5,
      "auc": 0.6271698113207548,
      "f1": 0.0,
      "recall": 0.0,
      "score": 0.12543396226415096,
      "TP": 0,
      "FP": 0,
      "FN": 53,
      "TN": 75
    }
  ],
  "params": {
    "model": "cnn_bilstm_attn",
    "batch": 16,
    "accumulate_steps": 8,
    "effective_batch": 128,
    "run_seed": null,
    "focal_alpha": 0.25,
    "focal_gamma_start": 0.0,
    "focal_gamma_end": 2.0,
    "curriculum_epochs": 20,
    "class_weight_neg": 1.2,
    "class_weight_pos": 1.0,
    "mask_mode": "soft",
    "mask_threshold": 0.6,
    "window_mask_min_mean": null
  },
  "cmd": "python train_cnn_bilstm.py --windows /home/user/projects/train/train_data/slipce/windows_npz.npz --epochs 70 --batch 16 --accumulate_steps 8 --result_dir /home/user/projects/train/model/long_window/CNN_BiLSTM/result_focal_sweep/cw04_fg02 --focal_alpha 0.25 --focal_gamma_start 0.0 --focal_gamma_end 2.0 --curriculum_epochs 20 --run_seed None --class_weight_neg 1.2 --class_weight_pos 1.0 --mask_threshold 0.6 --mask_mode soft --window_mask_min_mean None  [auto-mask: occlusion_flag]"
}