{
  "test": {
    "auc": 0.7350362661620939,
    "f1": 0.550561797752809,
    "recall": 0.4666666666666667,
    "TP": 49,
    "FP": 24,
    "FN": 56,
    "TN": 127
  },
  "top_epochs": [
    {
      "epoch": 38,
      "auc": 0.7486792452830189,
      "f1": 0.5660377358490566,
      "recall": 0.5660377358490566,
      "score": 0.602566037735849,
      "TP": 30,
      "FP": 23,
      "FN": 23,
      "TN": 52
    },
    {
      "epoch": 40,
      "auc": 0.7084276729559749,
      "f1": 0.5486725663716814,
      "recall": 0.5849056603773585,
      "score": 0.5987401346913785,
      "TP": 31,
      "FP": 29,
      "FN": 22,
      "TN": 46
    },
    {
      "epoch": 32,
      "auc": 0.7099371069182391,
      "f1": 0.5714285714285714,
      "recall": 0.5660377358490566,
      "score": 0.5964348607367476,
      "TP": 30,
      "FP": 22,
      "FN": 23,
      "TN": 53
    },
    {
      "epoch": 39,
      "auc": 0.7250314465408805,
      "f1": 0.5686274509803921,
      "recall": 0.5471698113207547,
      "score": 0.5891794302626712,
      "TP": 29,
      "FP": 20,
      "FN": 24,
      "TN": 55
    }
  ],
  "params": {
    "model": "cnn_bilstm_attn",
    "batch": 64,
    "accumulate_steps": 1,
    "effective_batch": 64
  },
  "cmd": "python train_cnn_bilstm.py --windows /home/user/projects/train/train_data/slipce/windows_npz.npz --epochs 60 --batch 64 --accumulate_steps 1 --result_dir /home/user/projects/train/model/long_window/CNN_BiLSTM/result --focal_alpha 0.25 --focal_gamma_start 0.0 --focal_gamma_end 1.5 --curriculum_epochs 20 --run_seed None  [auto-mask: occlusion_flag]"
}