{
  "epoch": 3,
  "threshold": 0.3873713663474998,
  "f1_opt": 0.5379310344827586
}