{
  "test": {
    "auc": 0.7122674235257016,
    "f1": 0.5870646766169154,
    "recall": 0.5619047619047619,
    "TP": 59,
    "FP": 37,
    "FN": 46,
    "TN": 114
  },
  "top_epochs": [
    {
      "epoch": 70,
      "auc": 0.7411320754716981,
      "f1": 0.5858585858585859,
      "recall": 0.5471698113207547,
      "score": 0.5975688965122927,
      "TP": 29,
      "FP": 17,
      "FN": 24,
      "TN": 58
    },
    {
      "epoch": 54,
      "auc": 0.7280503144654087,
      "f1": 0.5858585858585859,
      "recall": 0.5471698113207547,
      "score": 0.5949525443110348,
      "TP": 29,
      "FP": 17,
      "FN": 24,
      "TN": 58
    },
    {
      "epoch": 58,
      "auc": 0.749182389937107,
      "f1": 0.5957446808510638,
      "recall": 0.5283018867924528,
      "score": 0.5927108256389669,
      "TP": 28,
      "FP": 13,
      "FN": 25,
      "TN": 62
    },
    {
      "epoch": 67,
      "auc": 0.7665408805031446,
      "f1": 0.5684210526315789,
      "recall": 0.5094339622641509,
      "score": 0.5785514730221781,
      "TP": 27,
      "FP": 15,
      "FN": 26,
      "TN": 60
    }
  ],
  "params": {
    "model": "cnn_bilstm_attn",
    "batch": 16,
    "accumulate_steps": 8,
    "effective_batch": 128,
    "run_seed": null,
    "focal_alpha": 0.28,
    "focal_gamma_start": 0.0,
    "focal_gamma_end": 1.6,
    "curriculum_epochs": 20,
    "class_weight_neg": 1.0,
    "class_weight_pos": 1.0,
    "mask_mode": "soft",
    "mask_threshold": 0.6,
    "window_mask_min_mean": null
  },
  "cmd": "python train_cnn_bilstm.py --windows /home/user/projects/train/train_data/slipce/windows_npz.npz --epochs 70 --batch 16 --accumulate_steps 8 --result_dir /home/user/projects/train/model/long_window/CNN_BiLSTM/result_focal_refine/cw08_fg06 --focal_alpha 0.28 --focal_gamma_start 0.0 --focal_gamma_end 1.6 --curriculum_epochs 20 --run_seed None --class_weight_neg 1.0 --class_weight_pos 1.0 --mask_threshold 0.6 --mask_mode soft --window_mask_min_mean None  [auto-mask: occlusion_flag]"
}