{
  "test": {
    "auc": 0.7352254809208452,
    "f1": 0.5445026178010471,
    "recall": 0.49523809523809526,
    "TP": 52,
    "FP": 34,
    "FN": 53,
    "TN": 117
  },
  "top_epochs": [
    {
      "epoch": 52,
      "auc": 0.7144654088050314,
      "f1": 0.5849056603773585,
      "recall": 0.5849056603773585,
      "score": 0.610817610062893,
      "TP": 31,
      "FP": 22,
      "FN": 22,
      "TN": 53
    },
    {
      "epoch": 61,
      "auc": 0.739622641509434,
      "f1": 0.5714285714285714,
      "recall": 0.5660377358490566,
      "score": 0.6023719676549866,
      "TP": 30,
      "FP": 22,
      "FN": 23,
      "TN": 53
    },
    {
      "epoch": 67,
      "auc": 0.7411320754716981,
      "f1": 0.58,
      "recall": 0.5471698113207547,
      "score": 0.595811320754717,
      "TP": 29,
      "FP": 18,
      "FN": 24,
      "TN": 57
    },
    {
      "epoch": 54,
      "auc": 0.7184905660377358,
      "f1": 0.5504587155963303,
      "recall": 0.5660377358490566,
      "score": 0.5918545958109745,
      "TP": 30,
      "FP": 26,
      "FN": 23,
      "TN": 49
    }
  ],
  "params": {
    "model": "cnn_bilstm_attn",
    "batch": 16,
    "accumulate_steps": 8,
    "effective_batch": 128,
    "run_seed": null,
    "focal_alpha": 0.28,
    "focal_gamma_start": 0.0,
    "focal_gamma_end": 1.6,
    "curriculum_epochs": 20,
    "class_weight_neg": 1.1,
    "class_weight_pos": 0.8,
    "mask_mode": "soft",
    "mask_threshold": 0.6,
    "window_mask_min_mean": null
  },
  "cmd": "python train_cnn_bilstm.py --windows /home/user/projects/train/train_data/slipce/windows_npz.npz --epochs 70 --batch 16 --accumulate_steps 8 --result_dir /home/user/projects/train/model/long_window/CNN_BiLSTM/result_focal_refine/cw06_fg06 --focal_alpha 0.28 --focal_gamma_start 0.0 --focal_gamma_end 1.6 --curriculum_epochs 20 --run_seed None --class_weight_neg 1.1 --class_weight_pos 0.8 --mask_threshold 0.6 --mask_mode soft --window_mask_min_mean None  [auto-mask: occlusion_flag]"
}