{
  "test": {
    "auc": 0.7441816461684011,
    "f1": 0.5088757396449705,
    "recall": 0.4095238095238095,
    "TP": 43,
    "FP": 21,
    "FN": 62,
    "TN": 130
  },
  "top_epochs": [
    {
      "epoch": 58,
      "auc": 0.7413836477987421,
      "f1": 0.6476190476190476,
      "recall": 0.6415094339622641,
      "score": 0.6633171608265949,
      "TP": 34,
      "FP": 18,
      "FN": 19,
      "TN": 57
    },
    {
      "epoch": 61,
      "auc": 0.7524528301886794,
      "f1": 0.6346153846153846,
      "recall": 0.6226415094339622,
      "score": 0.6521959361393325,
      "TP": 33,
      "FP": 18,
      "FN": 20,
      "TN": 57
    },
    {
      "epoch": 59,
      "auc": 0.7720754716981132,
      "f1": 0.6274509803921569,
      "recall": 0.6037735849056604,
      "score": 0.6445371809100999,
      "TP": 32,
      "FP": 17,
      "FN": 21,
      "TN": 58
    },
    {
      "epoch": 69,
      "auc": 0.7461635220125786,
      "f1": 0.6095238095238096,
      "recall": 0.6037735849056604,
      "score": 0.6339766397124889,
      "TP": 32,
      "FP": 20,
      "FN": 21,
      "TN": 55
    }
  ],
  "params": {
    "model": "cnn_bilstm_attn",
    "batch": 16,
    "accumulate_steps": 8,
    "effective_batch": 128,
    "run_seed": null,
    "focal_alpha": 0.25,
    "focal_gamma_start": 0.0,
    "focal_gamma_end": 1.6,
    "curriculum_epochs": 20,
    "class_weight_neg": 0.9,
    "class_weight_pos": 0.8,
    "mask_mode": "soft",
    "mask_threshold": 0.6,
    "window_mask_min_mean": null
  },
  "cmd": "python train_cnn_bilstm.py --windows /home/user/projects/train/train_data/slipce/windows_npz.npz --epochs 70 --batch 16 --accumulate_steps 8 --result_dir /home/user/projects/train/model/long_window/CNN_BiLSTM/result_focal_refine/cw07_fg04 --focal_alpha 0.25 --focal_gamma_start 0.0 --focal_gamma_end 1.6 --curriculum_epochs 20 --run_seed None --class_weight_neg 0.9 --class_weight_pos 0.8 --mask_threshold 0.6 --mask_mode soft --window_mask_min_mean None  [auto-mask: occlusion_flag]"
}