{
  "test": {
    "auc": 0.7162409334594766,
    "f1": 0.5029940119760479,
    "recall": 0.4,
    "TP": 42,
    "FP": 20,
    "FN": 63,
    "TN": 131
  },
  "top_epochs": [
    {
      "epoch": 29,
      "auc": 0.7323270440251572,
      "f1": 0.6538461538461539,
      "recall": 0.6415094339622641,
      "score": 0.6633739719400097,
      "TP": 34,
      "FP": 17,
      "FN": 19,
      "TN": 58
    },
    {
      "epoch": 32,
      "auc": 0.7071698113207547,
      "f1": 0.6060606060606061,
      "recall": 0.5660377358490566,
      "score": 0.6062710120068611,
      "TP": 30,
      "FP": 16,
      "FN": 23,
      "TN": 59
    },
    {
      "epoch": 35,
      "auc": 0.7006289308176101,
      "f1": 0.5740740740740741,
      "recall": 0.5849056603773585,
      "score": 0.6048008385744235,
      "TP": 31,
      "FP": 24,
      "FN": 22,
      "TN": 51
    },
    {
      "epoch": 33,
      "auc": 0.7076729559748428,
      "f1": 0.5858585858585859,
      "recall": 0.5471698113207547,
      "score": 0.5908770726129217,
      "TP": 29,
      "FP": 17,
      "FN": 24,
      "TN": 58
    }
  ],
  "params": {
    "model": "cnn_bilstm_attn",
    "batch": 16,
    "accumulate_steps": 8,
    "effective_batch": 128,
    "run_seed": null,
    "focal_alpha": 0.32,
    "focal_gamma_start": 0.0,
    "focal_gamma_end": 1.6,
    "curriculum_epochs": 20,
    "class_weight_neg": 1.0,
    "class_weight_pos": 0.85,
    "mask_mode": "soft",
    "mask_threshold": 0.6,
    "window_mask_min_mean": null
  },
  "cmd": "python train_cnn_bilstm.py --windows /home/user/projects/train/train_data/slipce/windows_npz.npz --epochs 70 --batch 16 --accumulate_steps 8 --result_dir /home/user/projects/train/model/long_window/CNN_BiLSTM/result_focal_refine/cw03_fg08 --focal_alpha 0.32 --focal_gamma_start 0.0 --focal_gamma_end 1.6 --curriculum_epochs 20 --run_seed None --class_weight_neg 1.0 --class_weight_pos 0.85 --mask_threshold 0.6 --mask_mode soft --window_mask_min_mean None  [auto-mask: occlusion_flag]"
}