{
  "test": {
    "auc": 0.663513087354147,
    "f1": 0.1206896551724138,
    "recall": 0.06666666666666667,
    "TP": 7,
    "FP": 4,
    "FN": 98,
    "TN": 147
  },
  "top_epochs": [
    {
      "epoch": 9,
      "auc": 0.6135849056603774,
      "f1": 0.10714285714285714,
      "recall": 0.05660377358490566,
      "score": 0.18316172506738546,
      "TP": 3,
      "FP": 0,
      "FN": 50,
      "TN": 75
    },
    {
      "epoch": 10,
      "auc": 0.620377358490566,
      "f1": 0.07272727272727272,
      "recall": 0.03773584905660377,
      "score": 0.1647615780445969,
      "TP": 2,
      "FP": 0,
      "FN": 51,
      "TN": 75
    },
    {
      "epoch": 8,
      "auc": 0.6072955974842768,
      "f1": 0.07272727272727272,
      "recall": 0.03773584905660377,
      "score": 0.16214522584333907,
      "TP": 2,
      "FP": 0,
      "FN": 51,
      "TN": 75
    },
    {
      "epoch": 7,
      "auc": 0.6062893081761006,
      "f1": 0.037037037037037035,
      "recall": 0.018867924528301886,
      "score": 0.1418029350104822,
      "TP": 1,
      "FP": 0,
      "FN": 52,
      "TN": 75
    }
  ],
  "params": {
    "model": "cnn_bilstm_attn",
    "batch": 16,
    "accumulate_steps": 8,
    "effective_batch": 128,
    "run_seed": null,
    "focal_alpha": 0.25,
    "focal_gamma_start": 0.0,
    "focal_gamma_end": 2.0,
    "curriculum_epochs": 20,
    "class_weight_neg": 1.0,
    "class_weight_pos": 0.8,
    "mask_mode": "soft",
    "mask_threshold": 0.6,
    "window_mask_min_mean": null
  },
  "cmd": "python train_cnn_bilstm.py --windows /home/user/projects/train/train_data/slipce/windows_npz.npz --epochs 10 --batch 16 --accumulate_steps 8 --result_dir /home/user/projects/train/model/long_window/CNN_BiLSTM/result_focal_sweep_smoke/cw02_fg02 --focal_alpha 0.25 --focal_gamma_start 0.0 --focal_gamma_end 2.0 --curriculum_epochs 20 --run_seed None --class_weight_neg 1.0 --class_weight_pos 0.8 --mask_threshold 0.6 --mask_mode soft --window_mask_min_mean None  [auto-mask: occlusion_flag]"
}