{
  "test": {
    "auc": 0.7132134973194575,
    "f1": 0.5252525252525253,
    "recall": 0.49523809523809526,
    "TP": 52,
    "FP": 41,
    "FN": 53,
    "TN": 110
  },
  "top_epochs": [
    {
      "epoch": 61,
      "auc": 0.7514465408805032,
      "f1": 0.672566371681416,
      "recall": 0.7169811320754716,
      "score": 0.7105497857182612,
      "TP": 38,
      "FP": 22,
      "FN": 15,
      "TN": 53
    },
    {
      "epoch": 54,
      "auc": 0.7411320754716981,
      "f1": 0.6666666666666666,
      "recall": 0.6981132075471698,
      "score": 0.6972830188679245,
      "TP": 37,
      "FP": 21,
      "FN": 16,
      "TN": 54
    },
    {
      "epoch": 49,
      "auc": 0.7426415094339622,
      "f1": 0.6324786324786325,
      "recall": 0.6981132075471698,
      "score": 0.6873284954039671,
      "TP": 37,
      "FP": 27,
      "FN": 16,
      "TN": 48
    },
    {
      "epoch": 59,
      "auc": 0.7459119496855346,
      "f1": 0.6428571428571429,
      "recall": 0.6792452830188679,
      "score": 0.6816621743036838,
      "TP": 36,
      "FP": 23,
      "FN": 17,
      "TN": 52
    }
  ],
  "params": {
    "model": "cnn_bilstm_attn",
    "batch": 16,
    "accumulate_steps": 8,
    "effective_batch": 128,
    "run_seed": null,
    "focal_alpha": 0.4,
    "focal_gamma_start": 0.0,
    "focal_gamma_end": 1.5,
    "curriculum_epochs": 20,
    "class_weight_neg": 1.0,
    "class_weight_pos": 1.0,
    "mask_mode": "soft",
    "mask_threshold": 0.6,
    "window_mask_min_mean": null
  },
  "cmd": "python train_cnn_bilstm.py --windows /home/user/projects/train/train_data/slipce/windows_npz.npz --epochs 70 --batch 16 --accumulate_steps 8 --result_dir /home/user/projects/train/model/long_window/CNN_BiLSTM/result_focal_sweep/cw01_fg08 --focal_alpha 0.4 --focal_gamma_start 0.0 --focal_gamma_end 1.5 --curriculum_epochs 20 --run_seed None --class_weight_neg 1.0 --class_weight_pos 1.0 --mask_threshold 0.6 --mask_mode soft --window_mask_min_mean None  [auto-mask: occlusion_flag]"
}