{
  "test": {
    "auc": 0.7400189214758751,
    "f1": 0.4161073825503356,
    "recall": 0.29523809523809524,
    "TP": 31,
    "FP": 13,
    "FN": 74,
    "TN": 138
  },
  "top_epochs": [
    {
      "epoch": 51,
      "auc": 0.7368553459119497,
      "f1": 0.6071428571428571,
      "recall": 0.6415094339622641,
      "score": 0.6502686433063791,
      "TP": 34,
      "FP": 25,
      "FN": 19,
      "TN": 50
    },
    {
      "epoch": 49,
      "auc": 0.7454088050314466,
      "f1": 0.6019417475728155,
      "recall": 0.5849056603773585,
      "score": 0.6221171154668133,
      "TP": 31,
      "FP": 19,
      "FN": 22,
      "TN": 56
    },
    {
      "epoch": 44,
      "auc": 0.7436477987421384,
      "f1": 0.5918367346938775,
      "recall": 0.5471698113207547,
      "score": 0.5998654858169683,
      "TP": 29,
      "FP": 16,
      "FN": 24,
      "TN": 59
    },
    {
      "epoch": 57,
      "auc": 0.7333333333333333,
      "f1": 0.58,
      "recall": 0.5471698113207547,
      "score": 0.5942515723270441,
      "TP": 29,
      "FP": 18,
      "FN": 24,
      "TN": 57
    }
  ],
  "params": {
    "model": "cnn_bilstm_attn",
    "batch": 16,
    "accumulate_steps": 8,
    "effective_batch": 128,
    "run_seed": null,
    "focal_alpha": 0.2,
    "focal_gamma_start": 0.0,
    "focal_gamma_end": 2.0,
    "curriculum_epochs": 20,
    "class_weight_neg": 1.0,
    "class_weight_pos": 1.0,
    "mask_mode": "soft",
    "mask_threshold": 0.6,
    "window_mask_min_mean": null
  },
  "cmd": "python train_cnn_bilstm.py --windows /home/user/projects/train/train_data/slipce/windows_npz.npz --epochs 70 --batch 16 --accumulate_steps 8 --result_dir /home/user/projects/train/model/long_window/CNN_BiLSTM/result_focal_sweep/cw01_fg04 --focal_alpha 0.2 --focal_gamma_start 0.0 --focal_gamma_end 2.0 --curriculum_epochs 20 --run_seed None --class_weight_neg 1.0 --class_weight_pos 1.0 --mask_threshold 0.6 --mask_mode soft --window_mask_min_mean None  [auto-mask: occlusion_flag]"
}