{
  "test": {
    "auc": 0.7169347209082308,
    "f1": 0.48148148148148145,
    "recall": 0.37142857142857144,
    "TP": 39,
    "FP": 18,
    "FN": 66,
    "TN": 133
  },
  "top_epochs": [
    {
      "epoch": 31,
      "auc": 0.68,
      "f1": 0.6115702479338843,
      "recall": 0.6981132075471698,
      "score": 0.6685276781537501,
      "TP": 37,
      "FP": 31,
      "FN": 16,
      "TN": 44
    },
    {
      "epoch": 47,
      "auc": 0.7280503144654088,
      "f1": 0.6285714285714286,
      "recall": 0.6226415094339622,
      "score": 0.6455022461814914,
      "TP": 33,
      "FP": 19,
      "FN": 20,
      "TN": 56
    },
    {
      "epoch": 41,
      "auc": 0.6918238993710691,
      "f1": 0.6071428571428571,
      "recall": 0.6415094339622641,
      "score": 0.641262353998203,
      "TP": 34,
      "FP": 25,
      "FN": 19,
      "TN": 50
    },
    {
      "epoch": 29,
      "auc": 0.6855345911949685,
      "f1": 0.6037735849056604,
      "recall": 0.6037735849056604,
      "score": 0.620125786163522,
      "TP": 32,
      "FP": 21,
      "FN": 21,
      "TN": 54
    }
  ],
  "params": {
    "model": "cnn_bilstm_attn",
    "batch": 16,
    "accumulate_steps": 8,
    "effective_batch": 128,
    "run_seed": null,
    "focal_alpha": 0.32,
    "focal_gamma_start": 0.0,
    "focal_gamma_end": 1.6,
    "curriculum_epochs": 20,
    "class_weight_neg": 1.0,
    "class_weight_pos": 0.8,
    "mask_mode": "soft",
    "mask_threshold": 0.6,
    "window_mask_min_mean": null
  },
  "cmd": "python train_cnn_bilstm.py --windows /home/user/projects/train/train_data/slipce/windows_npz.npz --epochs 70 --batch 16 --accumulate_steps 8 --result_dir /home/user/projects/train/model/long_window/CNN_BiLSTM/result_focal_refine/cw02_fg08 --focal_alpha 0.32 --focal_gamma_start 0.0 --focal_gamma_end 1.6 --curriculum_epochs 20 --run_seed None --class_weight_neg 1.0 --class_weight_pos 0.8 --mask_threshold 0.6 --mask_mode soft --window_mask_min_mean None  [auto-mask: occlusion_flag]"
}