{
  "test": {
    "auc": 0.7479028697571745,
    "f1": 0.5968586387434555,
    "recall": 0.5428571428571428,
    "TP": 57,
    "FP": 29,
    "FN": 48,
    "TN": 122
  },
  "top_epochs": [
    {
      "epoch": 54,
      "auc": 0.7272955974842766,
      "f1": 0.6346153846153846,
      "recall": 0.6226415094339622,
      "score": 0.6471644895984519,
      "TP": 33,
      "FP": 18,
      "FN": 20,
      "TN": 57
    },
    {
      "epoch": 61,
      "auc": 0.7582389937106918,
      "f1": 0.64,
      "recall": 0.6037735849056604,
      "score": 0.6455345911949686,
      "TP": 32,
      "FP": 15,
      "FN": 21,
      "TN": 60
    },
    {
      "epoch": 64,
      "auc": 0.8161006289308177,
      "f1": 0.6326530612244898,
      "recall": 0.5849056603773585,
      "score": 0.6454688743421897,
      "TP": 31,
      "FP": 14,
      "FN": 22,
      "TN": 61
    },
    {
      "epoch": 62,
      "auc": 0.7708176100628931,
      "f1": 0.6213592233009708,
      "recall": 0.6037735849056604,
      "score": 0.6424580814557,
      "TP": 32,
      "FP": 18,
      "FN": 21,
      "TN": 57
    }
  ],
  "params": {
    "model": "cnn_bilstm_attn",
    "batch": 16,
    "accumulate_steps": 8,
    "effective_batch": 128,
    "run_seed": null,
    "focal_alpha": 0.22,
    "focal_gamma_start": 0.0,
    "focal_gamma_end": 1.6,
    "curriculum_epochs": 20,
    "class_weight_neg": 1.0,
    "class_weight_pos": 1.0,
    "mask_mode": "soft",
    "mask_threshold": 0.6,
    "window_mask_min_mean": null
  },
  "cmd": "python train_cnn_bilstm.py --windows /home/user/projects/train/train_data/slipce/windows_npz.npz --epochs 70 --batch 16 --accumulate_steps 8 --result_dir /home/user/projects/train/model/long_window/CNN_BiLSTM/result_focal_refine/cw08_fg02 --focal_alpha 0.22 --focal_gamma_start 0.0 --focal_gamma_end 1.6 --curriculum_epochs 20 --run_seed None --class_weight_neg 1.0 --class_weight_pos 1.0 --mask_threshold 0.6 --mask_mode soft --window_mask_min_mean None  [auto-mask: occlusion_flag]"
}