{
  "test": {
    "auc": 0.6279407127089247,
    "f1": 0.018867924528301886,
    "recall": 0.009523809523809525,
    "TP": 1,
    "FP": 0,
    "FN": 104,
    "TN": 151
  },
  "top_epochs": [
    {
      "epoch": 10,
      "auc": 0.6130817610062893,
      "f1": 0.32432432432432434,
      "recall": 0.22641509433962265,
      "score": 0.3331211966683665,
      "TP": 12,
      "FP": 9,
      "FN": 41,
      "TN": 66
    },
    {
      "epoch": 8,
      "auc": 0.600503144654088,
      "f1": 0.30985915492957744,
      "recall": 0.20754716981132076,
      "score": 0.3168319603153512,
      "TP": 11,
      "FP": 7,
      "FN": 42,
      "TN": 68
    },
    {
      "epoch": 9,
      "auc": 0.6057861635220126,
      "f1": 0.3055555555555556,
      "recall": 0.20754716981132076,
      "score": 0.3165974842767296,
      "TP": 11,
      "FP": 8,
      "FN": 42,
      "TN": 67
    },
    {
      "epoch": 7,
      "auc": 0.5942138364779874,
      "f1": 0.26865671641791045,
      "recall": 0.16981132075471697,
      "score": 0.2843454425983291,
      "TP": 9,
      "FP": 5,
      "FN": 44,
      "TN": 70
    }
  ],
  "params": {
    "model": "cnn_bilstm_attn",
    "batch": 16,
    "accumulate_steps": 8,
    "effective_batch": 128,
    "run_seed": null,
    "focal_alpha": 0.4,
    "focal_gamma_start": 0.0,
    "focal_gamma_end": 1.0,
    "curriculum_epochs": 20,
    "class_weight_neg": 1.0,
    "class_weight_pos": 0.6,
    "mask_mode": "soft",
    "mask_threshold": 0.6,
    "window_mask_min_mean": null
  },
  "cmd": "python train_cnn_bilstm.py --windows /home/user/projects/train/train_data/slipce/windows_npz.npz --epochs 70 --batch 16 --accumulate_steps 8 --result_dir /home/user/projects/train/model/long_window/CNN_BiLSTM/result_focal_sweep/cw03_fg07 --focal_alpha 0.4 --focal_gamma_start 0.0 --focal_gamma_end 1.0 --curriculum_epochs 20 --run_seed None --class_weight_neg 1.0 --class_weight_pos 0.6 --mask_threshold 0.6 --mask_mode soft --window_mask_min_mean None  [auto-mask: occlusion_flag]"
}