{
  "test": {
    "auc": 0.5880794701986756,
    "f1": 0.22727272727272727,
    "recall": 0.14285714285714285,
    "TP": 15,
    "FP": 12,
    "FN": 90,
    "TN": 139
  },
  "top_epochs": [
    {
      "epoch": 24,
      "auc": 0.5262893081761006,
      "f1": 0.19444444444444445,
      "recall": 0.1320754716981132,
      "score": 0.26905031446540884,
      "TP": 7,
      "FP": 12,
      "FN": 46,
      "TN": 63
    },
    {
      "epoch": 17,
      "auc": 0.5511949685534591,
      "f1": 0.16666666666666666,
      "recall": 0.11320754716981132,
      "score": 0.26064150943396225,
      "TP": 6,
      "FP": 13,
      "FN": 47,
      "TN": 62
    },
    {
      "epoch": 19,
      "auc": 0.5486792452830188,
      "f1": 0.16666666666666666,
      "recall": 0.11320754716981132,
      "score": 0.2598867924528302,
      "TP": 6,
      "FP": 13,
      "FN": 47,
      "TN": 62
    },
    {
      "epoch": 21,
      "auc": 0.5318238993710692,
      "f1": 0.17647058823529413,
      "recall": 0.11320754716981132,
      "score": 0.2577713651498335,
      "TP": 6,
      "FP": 9,
      "FN": 47,
      "TN": 66
    }
  ],
  "params": {
    "arch": "gated",
    "filters": 64,
    "kernel": 3,
    "dropout": 0.2,
    "attn_units": 32,
    "gate_type": "vector_sigmoid"
  },
  "cmd": "python train_tcn_residual.py --windows /home/user/projects/train/train_data/slipce/windows_npz.npz --window_type long --arch gated --attn_units 32 --gate_type vector_sigmoid --epochs 100 --batch 64 --filters 64 --kernel 3 --dropout 0.2 --result_dir /home/user/projects/train/model/long_window/TCN_Residual/result --use_layernorm --focal_alpha 0.25 --focal_gamma_start 0.0 --focal_gamma_end 1.0 --curriculum_epochs 5 --run_seed 26"
}