{
  "test": {
    "auc": 0.7433617155471459,
    "f1": 0.5176470588235295,
    "recall": 0.41904761904761906,
    "TP": 44,
    "FP": 21,
    "FN": 61,
    "TN": 130
  },
  "top_epochs": [
    {
      "epoch": 61,
      "auc": 0.7881761006289307,
      "f1": 0.6601941747572816,
      "recall": 0.6415094339622641,
      "score": 0.6764481895341027,
      "TP": 34,
      "FP": 16,
      "FN": 19,
      "TN": 59
    },
    {
      "epoch": 47,
      "auc": 0.7695597484276729,
      "f1": 0.6296296296296297,
      "recall": 0.6415094339622641,
      "score": 0.6635555555555555,
      "TP": 34,
      "FP": 21,
      "FN": 19,
      "TN": 54
    },
    {
      "epoch": 50,
      "auc": 0.7745911949685534,
      "f1": 0.6346153846153846,
      "recall": 0.6226415094339622,
      "score": 0.6566236090953073,
      "TP": 33,
      "FP": 18,
      "FN": 20,
      "TN": 57
    },
    {
      "epoch": 53,
      "auc": 0.7851572327044025,
      "f1": 0.6185567010309279,
      "recall": 0.5660377358490566,
      "score": 0.6256173247746872,
      "TP": 30,
      "FP": 14,
      "FN": 23,
      "TN": 61
    }
  ],
  "params": {
    "model": "cnn_bilstm_attn",
    "batch": 16,
    "accumulate_steps": 8,
    "effective_batch": 128,
    "run_seed": null,
    "focal_alpha": 0.25,
    "focal_gamma_start": 0.0,
    "focal_gamma_end": 1.4,
    "curriculum_epochs": 20,
    "class_weight_neg": 1.0,
    "class_weight_pos": 0.8,
    "mask_mode": "soft",
    "mask_threshold": 0.6,
    "window_mask_min_mean": null
  },
  "cmd": "python train_cnn_bilstm.py --windows /home/user/projects/train/train_data/slipce/windows_npz.npz --epochs 70 --batch 16 --accumulate_steps 8 --result_dir /home/user/projects/train/model/long_window/CNN_BiLSTM/result_focal_refine/cw02_fg03 --focal_alpha 0.25 --focal_gamma_start 0.0 --focal_gamma_end 1.4 --curriculum_epochs 20 --run_seed None --class_weight_neg 1.0 --class_weight_pos 0.8 --mask_threshold 0.6 --mask_mode soft --window_mask_min_mean None  [auto-mask: occlusion_flag]"
}