{
  "test": {
    "auc": 0.5730340848094471,
    "f1": 0.6044226044226044,
    "recall": 0.5694444444444444,
    "precision": 0.643979057591623,
    "composite": 0.5806558205108929,
    "precision_aware": 0.6179231270844823,
    "TP": 123,
    "FP": 68,
    "FN": 93,
    "TN": 70
  },
  "cv_summary": {
    "k": 5,
    "aggregate": {
      "auc": {
        "mean": 0.7746397036334821,
        "std": 0.022645058586197676
      },
      "f1": {
        "mean": 0.6990285084944657,
        "std": 0.03144829036207548
      },
      "recall": {
        "mean": 0.688998730273898,
        "std": 0.08728442522447721
      },
      "precision": {
        "mean": 0.7192838540294837,
        "std": 0.04587695883388909
      },
      "composite": {
        "mean": 0.7091358584119851,
        "std": 0.05140215511741271
      },
      "precision_aware": {
        "mean": 0.7242784202897781,
        "std": 0.023395245345293265
      }
    }
  }
}