{
  "test": {
    "auc": 0.5921229200214707,
    "f1": 0.5459610027855153,
    "recall": 0.4537037037037037,
    "precision": 0.6853146853146853,
    "composite": 0.5090647366918005,
    "precision_aware": 0.6248702274972914,
    "TP": 98,
    "FP": 45,
    "FN": 118,
    "TN": 93
  },
  "cv_summary": {
    "k": 5,
    "aggregate": {
      "auc": {
        "mean": 0.7767029754488728,
        "std": 0.02254285755816351
      },
      "f1": {
        "mean": 0.7383626901155884,
        "std": 0.02154713899296715
      },
      "recall": {
        "mean": 0.7698802829675312,
        "std": 0.05170678602041158
      },
      "precision": {
        "mean": 0.7127067786139898,
        "std": 0.0411866915085503
      },
      "composite": {
        "mean": 0.7617895436082168,
        "std": 0.02805956525561424
      },
      "precision_aware": {
        "mean": 0.7332027914314458,
        "std": 0.027751230646155527
      }
    }
  }
}