{
  "test": {
    "auc": 0.6175969725638599,
    "f1": 0.24060150375939848,
    "recall": 0.1523809523809524,
    "TP": 16,
    "FP": 12,
    "FN": 89,
    "TN": 139
  },
  "top_epochs": [
    {
      "epoch": 13,
      "auc": 0.56,
      "f1": 0.2727272727272727,
      "recall": 0.16981132075471697,
      "score": 0.3177427101200686,
      "TP": 9,
      "FP": 4,
      "FN": 44,
      "TN": 71
    },
    {
      "epoch": 15,
      "auc": 0.5519496855345912,
      "f1": 0.26865671641791045,
      "recall": 0.16981132075471697,
      "score": 0.3141064488876373,
      "TP": 9,
      "FP": 5,
      "FN": 44,
      "TN": 70
    },
    {
      "epoch": 14,
      "auc": 0.5486792452830189,
      "f1": 0.26865671641791045,
      "recall": 0.16981132075471697,
      "score": 0.3131253168121656,
      "TP": 9,
      "FP": 5,
      "FN": 44,
      "TN": 70
    },
    {
      "epoch": 17,
      "auc": 0.5511949685534592,
      "f1": 0.2535211267605634,
      "recall": 0.16981132075471697,
      "score": 0.30933935689609354,
      "TP": 9,
      "FP": 9,
      "FN": 44,
      "TN": 66
    }
  ],
  "params": {
    "arch": "gated",
    "filters": 64,
    "kernel": 3,
    "dropout": 0.2,
    "attn_units": 32,
    "gate_type": "vector_sigmoid"
  },
  "cmd": "python train_tcn_residual.py --windows /home/user/projects/train/train_data/slipce/windows_npz.npz --window_type long --arch gated --attn_units 32 --gate_type vector_sigmoid --epochs 100 --batch 64 --filters 64 --kernel 3 --dropout 0.2 --result_dir /home/user/projects/train/model/long_window/TCN_Residual/result --use_layernorm --focal_alpha 0.25 --focal_gamma_start 0.0 --focal_gamma_end 2.0 --curriculum_epochs 20 --run_seed 12"
}