{
  "test": {
    "auc": 0.6589088615578682,
    "f1": 0.0,
    "recall": 0.0,
    "TP": 0,
    "FP": 0,
    "FN": 105,
    "TN": 151
  },
  "top_epochs": [
    {
      "epoch": 14,
      "auc": 0.5954716981132075,
      "f1": 0.14035087719298245,
      "recall": 0.07547169811320754,
      "score": 0.19893545183714,
      "TP": 4,
      "FP": 0,
      "FN": 49,
      "TN": 75
    },
    {
      "epoch": 13,
      "auc": 0.589685534591195,
      "f1": 0.14035087719298245,
      "recall": 0.07547169811320754,
      "score": 0.19777821913273752,
      "TP": 4,
      "FP": 0,
      "FN": 49,
      "TN": 75
    },
    {
      "epoch": 12,
      "auc": 0.5844025157232704,
      "f1": 0.14035087719298245,
      "recall": 0.07547169811320754,
      "score": 0.1967216153591526,
      "TP": 4,
      "FP": 0,
      "FN": 49,
      "TN": 75
    },
    {
      "epoch": 11,
      "auc": 0.5856603773584905,
      "f1": 0.10714285714285714,
      "recall": 0.05660377358490566,
      "score": 0.1775768194070081,
      "TP": 3,
      "FP": 0,
      "FN": 50,
      "TN": 75
    }
  ],
  "params": {
    "model": "cnn_bilstm_attn",
    "batch": 16,
    "accumulate_steps": 8,
    "effective_batch": 128,
    "run_seed": null,
    "focal_alpha": 0.2,
    "focal_gamma_start": 0.0,
    "focal_gamma_end": 2.0,
    "curriculum_epochs": 20,
    "class_weight_neg": 0.8,
    "class_weight_pos": 1.2,
    "mask_mode": "soft",
    "mask_threshold": 0.6,
    "window_mask_min_mean": null
  },
  "cmd": "python train_cnn_bilstm.py --windows /home/user/projects/train/train_data/slipce/windows_npz.npz --epochs 70 --batch 16 --accumulate_steps 8 --result_dir /home/user/projects/train/model/long_window/CNN_BiLSTM/result_focal_sweep/cw05_fg04 --focal_alpha 0.2 --focal_gamma_start 0.0 --focal_gamma_end 2.0 --curriculum_epochs 20 --run_seed None --class_weight_neg 0.8 --class_weight_pos 1.2 --mask_threshold 0.6 --mask_mode soft --window_mask_min_mean None  [auto-mask: occlusion_flag]"
}