{
  "test": {
    "auc": 0.7017975402081362,
    "f1": 0.5251396648044693,
    "recall": 0.44761904761904764,
    "TP": 47,
    "FP": 27,
    "FN": 58,
    "TN": 124
  },
  "top_epochs": [
    {
      "epoch": 43,
      "auc": 0.7441509433962264,
      "f1": 0.6111111111111112,
      "recall": 0.6226415094339622,
      "score": 0.6434842767295598,
      "TP": 33,
      "FP": 22,
      "FN": 20,
      "TN": 53
    },
    {
      "epoch": 41,
      "auc": 0.7579874213836478,
      "f1": 0.6095238095238096,
      "recall": 0.6037735849056604,
      "score": 0.6363414195867027,
      "TP": 32,
      "FP": 20,
      "FN": 21,
      "TN": 55
    },
    {
      "epoch": 30,
      "auc": 0.7270440251572328,
      "f1": 0.5849056603773585,
      "recall": 0.5849056603773585,
      "score": 0.6133333333333334,
      "TP": 31,
      "FP": 22,
      "FN": 22,
      "TN": 53
    },
    {
      "epoch": 39,
      "auc": 0.7564779874213836,
      "f1": 0.5882352941176471,
      "recall": 0.5660377358490566,
      "score": 0.6107850536440991,
      "TP": 30,
      "FP": 19,
      "FN": 23,
      "TN": 56
    }
  ],
  "params": {
    "model": "cnn_bilstm_attn",
    "batch": 16,
    "accumulate_steps": 8,
    "effective_batch": 128,
    "run_seed": null,
    "focal_alpha": 0.4,
    "focal_gamma_start": 0.0,
    "focal_gamma_end": 1.0,
    "curriculum_epochs": 20,
    "class_weight_neg": 1.2,
    "class_weight_pos": 1.0,
    "mask_mode": "soft",
    "mask_threshold": 0.6,
    "window_mask_min_mean": null
  },
  "cmd": "python train_cnn_bilstm.py --windows /home/user/projects/train/train_data/slipce/windows_npz.npz --epochs 70 --batch 16 --accumulate_steps 8 --result_dir /home/user/projects/train/model/long_window/CNN_BiLSTM/result_focal_sweep/cw04_fg07 --focal_alpha 0.4 --focal_gamma_start 0.0 --focal_gamma_end 1.0 --curriculum_epochs 20 --run_seed None --class_weight_neg 1.2 --class_weight_pos 1.0 --mask_threshold 0.6 --mask_mode soft --window_mask_min_mean None  [auto-mask: occlusion_flag]"
}