{
  "test": {
    "auc": 0.6633238725953958,
    "f1": 0.0,
    "recall": 0.0,
    "TP": 0,
    "FP": 0,
    "FN": 105,
    "TN": 151
  },
  "top_epochs": [
    {
      "epoch": 12,
      "auc": 0.6389937106918239,
      "f1": 0.2033898305084746,
      "recall": 0.11320754716981132,
      "score": 0.24541946487581281,
      "TP": 6,
      "FP": 0,
      "FN": 47,
      "TN": 75
    },
    {
      "epoch": 11,
      "auc": 0.6367295597484277,
      "f1": 0.1694915254237288,
      "recall": 0.09433962264150944,
      "score": 0.2253631808975589,
      "TP": 5,
      "FP": 1,
      "FN": 48,
      "TN": 74
    },
    {
      "epoch": 10,
      "auc": 0.6415094339622641,
      "f1": 0.13793103448275862,
      "recall": 0.07547169811320754,
      "score": 0.20741704619388418,
      "TP": 4,
      "FP": 1,
      "FN": 49,
      "TN": 74
    },
    {
      "epoch": 7,
      "auc": 0.6472955974842768,
      "f1": 0.10344827586206896,
      "recall": 0.05660377358490566,
      "score": 0.1887954890479289,
      "TP": 3,
      "FP": 2,
      "FN": 50,
      "TN": 73
    }
  ],
  "params": {
    "model": "cnn_bilstm_attn",
    "batch": 16,
    "accumulate_steps": 8,
    "effective_batch": 128,
    "run_seed": null,
    "focal_alpha": 0.32,
    "focal_gamma_start": 0.0,
    "focal_gamma_end": 1.6,
    "curriculum_epochs": 20,
    "class_weight_neg": 0.95,
    "class_weight_pos": 0.8,
    "mask_mode": "soft",
    "mask_threshold": 0.6,
    "window_mask_min_mean": null
  },
  "cmd": "python train_cnn_bilstm.py --windows /home/user/projects/train/train_data/slipce/windows_npz.npz --epochs 70 --batch 16 --accumulate_steps 8 --result_dir /home/user/projects/train/model/long_window/CNN_BiLSTM/result_focal_refine/cw04_fg08 --focal_alpha 0.32 --focal_gamma_start 0.0 --focal_gamma_end 1.6 --curriculum_epochs 20 --run_seed None --class_weight_neg 0.95 --class_weight_pos 0.8 --mask_threshold 0.6 --mask_mode soft --window_mask_min_mean None  [auto-mask: occlusion_flag]"
}