{
  "test": {
    "auc": 0.5857458215074108,
    "f1": 0.18181818181818182,
    "recall": 0.11428571428571428,
    "TP": 12,
    "FP": 15,
    "FN": 93,
    "TN": 136
  },
  "top_epochs": [
    {
      "epoch": 34,
      "auc": 0.5823899371069182,
      "f1": 0.3466666666666667,
      "recall": 0.24528301886792453,
      "score": 0.3768301886792453,
      "TP": 13,
      "FP": 9,
      "FN": 40,
      "TN": 66
    },
    {
      "epoch": 32,
      "auc": 0.5821383647798742,
      "f1": 0.2972972972972973,
      "recall": 0.20754716981132076,
      "score": 0.34684956654767973,
      "TP": 11,
      "FP": 10,
      "FN": 42,
      "TN": 65
    },
    {
      "epoch": 33,
      "auc": 0.5823899371069182,
      "f1": 0.28169014084507044,
      "recall": 0.18867924528301888,
      "score": 0.3346957214988041,
      "TP": 10,
      "FP": 8,
      "FN": 43,
      "TN": 67
    },
    {
      "epoch": 31,
      "auc": 0.58062893081761,
      "f1": 0.22535211267605634,
      "recall": 0.1509433962264151,
      "score": 0.302171671538666,
      "TP": 8,
      "FP": 10,
      "FN": 45,
      "TN": 65
    }
  ],
  "params": {
    "arch": "gated",
    "filters": 64,
    "kernel": 3,
    "dropout": 0.2,
    "attn_units": 32,
    "gate_type": "vector_sigmoid"
  },
  "cmd": "python train_tcn_residual.py --windows /home/user/projects/train/train_data/slipce/windows_npz.npz --window_type long --arch gated --attn_units 32 --gate_type vector_sigmoid --epochs 100 --batch 64 --filters 64 --kernel 3 --dropout 0.2 --result_dir /home/user/projects/train/model/long_window/TCN_Residual/result --use_layernorm --focal_alpha 0.25 --focal_gamma_start 0.0 --focal_gamma_end 2.0 --curriculum_epochs 20 --run_seed 21"
}