{
  "epoch": 4,
  "threshold": 0.28043011594657324,
  "f1_opt": 0.5309090909090908
}