{
  "test": {
    "auc": 0.6040365815200253,
    "f1": 0.13793103448275862,
    "recall": 0.0761904761904762,
    "TP": 8,
    "FP": 3,
    "FN": 97,
    "TN": 148
  },
  "top_epochs": [
    {
      "epoch": 28,
      "auc": 0.6460377358490567,
      "f1": 0.37333333333333335,
      "recall": 0.2641509433962264,
      "score": 0.4114716981132076,
      "TP": 14,
      "FP": 8,
      "FN": 39,
      "TN": 67
    },
    {
      "epoch": 26,
      "auc": 0.6480503144654088,
      "f1": 0.26865671641791045,
      "recall": 0.16981132075471697,
      "score": 0.34293663756688253,
      "TP": 9,
      "FP": 5,
      "FN": 44,
      "TN": 70
    },
    {
      "epoch": 27,
      "auc": 0.6384905660377359,
      "f1": 0.23880597014925373,
      "recall": 0.1509433962264151,
      "score": 0.3235663193466629,
      "TP": 8,
      "FP": 6,
      "FN": 45,
      "TN": 69
    },
    {
      "epoch": 25,
      "auc": 0.6500628930817609,
      "f1": 0.21875,
      "recall": 0.1320754716981132,
      "score": 0.3134740566037736,
      "TP": 7,
      "FP": 4,
      "FN": 46,
      "TN": 71
    }
  ],
  "params": {
    "arch": "gated",
    "filters": 64,
    "kernel": 3,
    "dropout": 0.2,
    "attn_units": 32,
    "gate_type": "vector_sigmoid"
  },
  "cmd": "python train_tcn_residual.py --windows /home/user/projects/train/train_data/slipce/windows_npz.npz --window_type long --arch gated --attn_units 32 --gate_type vector_sigmoid --epochs 100 --batch 64 --filters 64 --kernel 3 --dropout 0.2 --result_dir /home/user/projects/train/model/long_window/TCN_Residual/result --use_layernorm --focal_alpha 0.25 --focal_gamma_start 0.0 --focal_gamma_end 1.5 --curriculum_epochs 20 --run_seed 14"
}