{
  "test": {
    "auc": 0.6710816777041942,
    "f1": 0.018867924528301886,
    "recall": 0.009523809523809525,
    "TP": 1,
    "FP": 0,
    "FN": 104,
    "TN": 151
  },
  "top_epochs": [
    {
      "epoch": 15,
      "auc": 0.6037735849056604,
      "f1": 0.1724137931034483,
      "recall": 0.09433962264150944,
      "score": 0.21964866623292129,
      "TP": 5,
      "FP": 0,
      "FN": 48,
      "TN": 75
    },
    {
      "epoch": 16,
      "auc": 0.6032704402515724,
      "f1": 0.1724137931034483,
      "recall": 0.09433962264150944,
      "score": 0.2195480373021037,
      "TP": 5,
      "FP": 0,
      "FN": 48,
      "TN": 75
    },
    {
      "epoch": 14,
      "auc": 0.600503144654088,
      "f1": 0.10714285714285714,
      "recall": 0.05660377358490566,
      "score": 0.1805453728661276,
      "TP": 3,
      "FP": 0,
      "FN": 50,
      "TN": 75
    },
    {
      "epoch": 13,
      "auc": 0.600754716981132,
      "f1": 0.07272727272727272,
      "recall": 0.03773584905660377,
      "score": 0.16083704974271013,
      "TP": 2,
      "FP": 0,
      "FN": 51,
      "TN": 75
    }
  ],
  "params": {
    "model": "cnn_bilstm_attn",
    "batch": 16,
    "accumulate_steps": 8,
    "effective_batch": 128,
    "run_seed": null,
    "focal_alpha": 0.22,
    "focal_gamma_start": 0.0,
    "focal_gamma_end": 1.4,
    "curriculum_epochs": 20,
    "class_weight_neg": 1.0,
    "class_weight_pos": 0.85,
    "mask_mode": "soft",
    "mask_threshold": 0.6,
    "window_mask_min_mean": null
  },
  "cmd": "python train_cnn_bilstm.py --windows /home/user/projects/train/train_data/slipce/windows_npz.npz --epochs 70 --batch 16 --accumulate_steps 8 --result_dir /home/user/projects/train/model/long_window/CNN_BiLSTM/result_focal_refine/cw03_fg01 --focal_alpha 0.22 --focal_gamma_start 0.0 --focal_gamma_end 1.4 --curriculum_epochs 20 --run_seed None --class_weight_neg 1.0 --class_weight_pos 0.85 --mask_threshold 0.6 --mask_mode soft --window_mask_min_mean None  [auto-mask: occlusion_flag]"
}