{
  "epoch": 10,
  "threshold": 0.4318560656890198,
  "f1_opt": 0.5415384615384614
}