{
  "test": {
    "auc": 0.6990854619993693,
    "f1": 0.48044692737430167,
    "recall": 0.4095238095238095,
    "TP": 43,
    "FP": 31,
    "FN": 62,
    "TN": 120
  },
  "top_epochs": [
    {
      "epoch": 59,
      "auc": 0.770566037735849,
      "f1": 0.6,
      "recall": 0.5660377358490566,
      "score": 0.6171320754716981,
      "TP": 30,
      "FP": 17,
      "FN": 23,
      "TN": 58
    },
    {
      "epoch": 51,
      "auc": 0.7640251572327044,
      "f1": 0.6,
      "recall": 0.5660377358490566,
      "score": 0.6158238993710692,
      "TP": 30,
      "FP": 17,
      "FN": 23,
      "TN": 58
    },
    {
      "epoch": 57,
      "auc": 0.7871698113207547,
      "f1": 0.6105263157894737,
      "recall": 0.5471698113207547,
      "score": 0.6141767626613704,
      "TP": 29,
      "FP": 13,
      "FN": 24,
      "TN": 62
    },
    {
      "epoch": 46,
      "auc": 0.7562264150943396,
      "f1": 0.5773195876288659,
      "recall": 0.5283018867924528,
      "score": 0.5885921027037542,
      "TP": 28,
      "FP": 16,
      "FN": 25,
      "TN": 59
    }
  ],
  "params": {
    "model": "cnn_bilstm_attn",
    "batch": 16,
    "accumulate_steps": 8,
    "effective_batch": 128,
    "run_seed": null,
    "focal_alpha": 0.22,
    "focal_gamma_start": 0.0,
    "focal_gamma_end": 1.4,
    "curriculum_epochs": 20,
    "class_weight_neg": 1.0,
    "class_weight_pos": 0.8,
    "mask_mode": "soft",
    "mask_threshold": 0.6,
    "window_mask_min_mean": null
  },
  "cmd": "python train_cnn_bilstm.py --windows /home/user/projects/train/train_data/slipce/windows_npz.npz --epochs 70 --batch 16 --accumulate_steps 8 --result_dir /home/user/projects/train/model/long_window/CNN_BiLSTM/result_focal_refine/cw02_fg01 --focal_alpha 0.22 --focal_gamma_start 0.0 --focal_gamma_end 1.4 --curriculum_epochs 20 --run_seed None --class_weight_neg 1.0 --class_weight_pos 0.8 --mask_threshold 0.6 --mask_mode soft --window_mask_min_mean None  [auto-mask: occlusion_flag]"
}