{
  "test": {
    "auc": 0.6133711762850835,
    "f1": 0.45685279187817257,
    "recall": 0.42857142857142855,
    "TP": 45,
    "FP": 47,
    "FN": 60,
    "TN": 104
  },
  "top_epochs": [
    {
      "epoch": 18,
      "auc": 0.5700628930817611,
      "f1": 0.4864864864864865,
      "recall": 0.5094339622641509,
      "score": 0.5207383987761347,
      "TP": 27,
      "FP": 31,
      "FN": 26,
      "TN": 44
    },
    {
      "epoch": 14,
      "auc": 0.5635220125786164,
      "f1": 0.49056603773584906,
      "recall": 0.49056603773584906,
      "score": 0.5124528301886793,
      "TP": 26,
      "FP": 27,
      "FN": 27,
      "TN": 48
    },
    {
      "epoch": 13,
      "auc": 0.5625157232704402,
      "f1": 0.4807692307692308,
      "recall": 0.4716981132075472,
      "score": 0.5016647314949202,
      "TP": 25,
      "FP": 26,
      "FN": 28,
      "TN": 49
    },
    {
      "epoch": 17,
      "auc": 0.5750943396226414,
      "f1": 0.4672897196261682,
      "recall": 0.4716981132075472,
      "score": 0.5013944630576618,
      "TP": 25,
      "FP": 29,
      "FN": 28,
      "TN": 46
    }
  ],
  "params": {
    "arch": "gated",
    "filters": 64,
    "kernel": 3,
    "dropout": 0.2,
    "attn_units": 64,
    "gate_type": "sigmoid"
  }
}