{
  "test": {
    "auc": 0.7002207505518764,
    "f1": 0.4266666666666667,
    "recall": 0.3047619047619048,
    "TP": 32,
    "FP": 13,
    "FN": 73,
    "TN": 138
  },
  "top_epochs": [
    {
      "epoch": 45,
      "auc": 0.7064150943396226,
      "f1": 0.6,
      "recall": 0.6226415094339622,
      "score": 0.6326037735849056,
      "TP": 33,
      "FP": 24,
      "FN": 20,
      "TN": 51
    },
    {
      "epoch": 31,
      "auc": 0.6923270440251572,
      "f1": 0.5925925925925926,
      "recall": 0.6037735849056604,
      "score": 0.6181299790356394,
      "TP": 32,
      "FP": 23,
      "FN": 21,
      "TN": 52
    },
    {
      "epoch": 43,
      "auc": 0.720251572327044,
      "f1": 0.5825242718446602,
      "recall": 0.5660377358490566,
      "score": 0.6018264639433352,
      "TP": 30,
      "FP": 20,
      "FN": 23,
      "TN": 55
    },
    {
      "epoch": 36,
      "auc": 0.6938364779874213,
      "f1": 0.5825242718446602,
      "recall": 0.5660377358490566,
      "score": 0.5965434450754106,
      "TP": 30,
      "FP": 20,
      "FN": 23,
      "TN": 55
    }
  ],
  "params": {
    "model": "cnn_bilstm_attn",
    "batch": 16,
    "accumulate_steps": 8,
    "effective_batch": 128,
    "run_seed": null,
    "focal_alpha": 0.32,
    "focal_gamma_start": 0.0,
    "focal_gamma_end": 1.4,
    "curriculum_epochs": 20,
    "class_weight_neg": 1.0,
    "class_weight_pos": 0.85,
    "mask_mode": "soft",
    "mask_threshold": 0.6,
    "window_mask_min_mean": null
  },
  "cmd": "python train_cnn_bilstm.py --windows /home/user/projects/train/train_data/slipce/windows_npz.npz --epochs 70 --batch 16 --accumulate_steps 8 --result_dir /home/user/projects/train/model/long_window/CNN_BiLSTM/result_focal_refine/cw03_fg07 --focal_alpha 0.32 --focal_gamma_start 0.0 --focal_gamma_end 1.4 --curriculum_epochs 20 --run_seed None --class_weight_neg 1.0 --class_weight_pos 0.85 --mask_threshold 0.6 --mask_mode soft --window_mask_min_mean None  [auto-mask: occlusion_flag]"
}