metric,mean,std,ci95,n
test_auc,0.6906297953964194,0.025117852403171402,0.015568206211087288,10
test_f1,0.683237432600379,0.037711597853096704,0.023373890510339893,10
test_recall,0.746195652173913,0.10932937244043278,0.06776304708544736,10
test_precision,0.6414830655600431,0.04207452186374761,0.02607805882819104,10
test_composite,0.7161950149463541,0.06491253748157524,0.04023320755999428,10
test_precision_aware,0.6638387216394191,0.023475728952603095,0.014550407551705018,10
