{
  "test": {
    "auc": 0.6145064648375906,
    "f1": 0.24427480916030533,
    "recall": 0.1523809523809524,
    "TP": 16,
    "FP": 10,
    "FN": 89,
    "TN": 141
  },
  "top_epochs": [
    {
      "epoch": 15,
      "auc": 0.5964779874213837,
      "f1": 0.34782608695652173,
      "recall": 0.22641509433962265,
      "score": 0.3738572600492207,
      "TP": 12,
      "FP": 4,
      "FN": 41,
      "TN": 71
    },
    {
      "epoch": 16,
      "auc": 0.5894339622641509,
      "f1": 0.3188405797101449,
      "recall": 0.20754716981132076,
      "score": 0.35550123051681704,
      "TP": 11,
      "FP": 5,
      "FN": 42,
      "TN": 70
    },
    {
      "epoch": 17,
      "auc": 0.5937106918238994,
      "f1": 0.29411764705882354,
      "recall": 0.18867924528301888,
      "score": 0.3418201997780244,
      "TP": 10,
      "FP": 5,
      "FN": 43,
      "TN": 70
    },
    {
      "epoch": 18,
      "auc": 0.5864150943396226,
      "f1": 0.2898550724637681,
      "recall": 0.18867924528301888,
      "score": 0.3383527481542248,
      "TP": 10,
      "FP": 6,
      "FN": 43,
      "TN": 69
    }
  ],
  "params": {
    "arch": "gated",
    "filters": 64,
    "kernel": 3,
    "dropout": 0.2,
    "attn_units": 32,
    "gate_type": "vector_sigmoid"
  },
  "cmd": "python train_tcn_residual.py --windows /home/user/projects/train/train_data/slipce/windows_npz.npz --window_type long --arch gated --attn_units 32 --gate_type vector_sigmoid --epochs 100 --batch 64 --filters 64 --kernel 3 --dropout 0.2 --result_dir /home/user/projects/train/model/long_window/TCN_Residual/result --use_layernorm --focal_alpha 0.25 --focal_gamma_start 0.0 --focal_gamma_end 2.0 --curriculum_epochs 15 --run_seed 20"
}