{
  "fold": 4,
  "val": {
    "fold": 4,
    "auc": 0.7393963306372066,
    "f1": 0.6942675159235668,
    "recall": 0.7364864864864865,
    "precision": 0.6566265060240963,
    "composite": 0.7244027641477546,
    "precision_aware": 0.6844727739165595,
    "TP": 109,
    "FP": 57,
    "FN": 39,
    "TN": 80
  },
  "params": {
    "model": "cnn_bilstm_attn",
    "batch": 16,
    "accumulate_steps": 8,
    "run_seed": null,
    "checkpoint_metric": "auc",
    "focal_alpha": 0.4,
    "focal_gamma_start": 0.0,
    "focal_gamma_end": 1.0,
    "mask_mode": "soft",
    "mask_threshold": 0.6,
    "window_mask_min_mean": null
  }
}