{
  "test": {
    "auc": 0.7425417849258908,
    "f1": 0.5227272727272727,
    "recall": 0.4380952380952381,
    "TP": 46,
    "FP": 25,
    "FN": 59,
    "TN": 126
  },
  "top_epochs": [
    {
      "epoch": 46,
      "auc": 0.7811320754716982,
      "f1": 0.6605504587155964,
      "recall": 0.6792452830188679,
      "score": 0.6940141942184525,
      "TP": 36,
      "FP": 20,
      "FN": 17,
      "TN": 55
    },
    {
      "epoch": 51,
      "auc": 0.770062893081761,
      "f1": 0.6371681415929203,
      "recall": 0.6792452830188679,
      "score": 0.6847856626036622,
      "TP": 36,
      "FP": 24,
      "FN": 17,
      "TN": 51
    },
    {
      "epoch": 49,
      "auc": 0.7677987421383647,
      "f1": 0.6363636363636364,
      "recall": 0.660377358490566,
      "score": 0.6746575185820468,
      "TP": 35,
      "FP": 22,
      "FN": 18,
      "TN": 53
    },
    {
      "epoch": 36,
      "auc": 0.7597484276729559,
      "f1": 0.6336633663366337,
      "recall": 0.6037735849056604,
      "score": 0.6439354878884115,
      "TP": 32,
      "FP": 16,
      "FN": 21,
      "TN": 59
    }
  ],
  "params": {
    "model": "cnn_bilstm_attn",
    "batch": 16,
    "accumulate_steps": 8,
    "effective_batch": 128,
    "run_seed": null,
    "focal_alpha": 0.35,
    "focal_gamma_start": 0.0,
    "focal_gamma_end": 1.0,
    "curriculum_epochs": 20,
    "class_weight_neg": 1.05,
    "class_weight_pos": 0.8,
    "mask_mode": "soft",
    "mask_threshold": 0.6,
    "window_mask_min_mean": null
  },
  "cmd": "python train_cnn_bilstm.py --windows /home/user/projects/train/train_data/slipce/windows_npz.npz --epochs 70 --batch 16 --accumulate_steps 8 --result_dir /home/user/projects/train/model/long_window/CNN_BiLSTM/result_focal_refine/cw05_fg10 --focal_alpha 0.35 --focal_gamma_start 0.0 --focal_gamma_end 1.0 --curriculum_epochs 20 --run_seed None --class_weight_neg 1.05 --class_weight_pos 0.8 --mask_threshold 0.6 --mask_mode soft --window_mask_min_mean None  [auto-mask: occlusion_flag]"
}