{
  "model": "gcn_tcn",
  "split": "short",
  "device": "cuda",
  "params": {
    "gcn_hidden": 64,
    "tcn_channels": "128,128",
    "tcn_kernel": 3,
    "tcn_dropout": 0.1,
    "tcn_dil_growth": 2,
    "fc_hidden": 128,
    "fc_dropout": 0.2
  },
  "data": {
    "N": 2622,
    "T": 30,
    "F": 36
  },
  "monitor": {
    "primary": "val_loss",
    "secondary": "val_acc"
  },
  "core_metrics": {
    "best": {
      "epoch": 56,
      "train_loss": 0.2632630467130754,
      "train_acc": 0.8984747378455672,
      "val_loss": 0.5255958956616525,
      "val_acc": 0.7614503816793893
    },
    "last": {
      "epoch": 80,
      "train_loss": 0.17866274355080608,
      "train_acc": 0.9246901811248809,
      "val_loss": 0.5672803402857016,
      "val_acc": 0.7633587786259542
    },
    "generalization_gap": {
      "at_best": -0.26233284894857717,
      "at_last": -0.38861759673489554
    },
    "top_k": [
      {
        "epoch": 56,
        "train_loss": 0.2632630467130754,
        "train_acc": 0.8984747378455672,
        "val_loss": 0.5255958956616525,
        "val_acc": 0.7614503816793893
      },
      {
        "epoch": 66,
        "train_loss": 0.19930818162723538,
        "train_acc": 0.9280266920877026,
        "val_loss": 0.5260149499842228,
        "val_acc": 0.767175572519084
      },
      {
        "epoch": 78,
        "train_loss": 0.1865811638597992,
        "train_acc": 0.9218303145853194,
        "val_loss": 0.5293857000256312,
        "val_acc": 0.7824427480916031
      },
      {
        "epoch": 67,
        "train_loss": 0.21868812037832516,
        "train_acc": 0.9151572926596759,
        "val_loss": 0.5304214280980234,
        "val_acc": 0.7748091603053435
      }
    ]
  },
  "trends": {
    "train_loss_slope": -0.002800112381260242,
    "train_acc_slope": 0.0,
    "val_loss_slope": 0.0030154523655355142,
    "val_acc_slope": -0.0014843087362171265
  },
  "overfitting": {
    "is_overfit": false,
    "score": 1,
    "signals": {
      "early_best": false,
      "loss_rebound": true,
      "gap_large": false,
      "acc_drop": false,
      "best_epoch_ratio": 0.7
    }
  },
  "hparams": {
    "model": "gcn_tcn",
    "split": "short",
    "device": "cuda",
    "num_params": 94930,
    "epochs": 80,
    "batch_size": 256,
    "lr": 0.0001,
    "weight_decay": 0.0001,
    "seed": 42,
    "use_norm": true,
    "balance_by_class": true,
    "amplify_hard_negative": true,
    "hard_negative_factor": 1.5,
    "temporal_jitter_frames": 0,
    "val_ratio": 0.2,
    "num_workers": 0,
    "params": {
      "gcn_hidden": 64,
      "tcn_channels": "128,128",
      "tcn_kernel": 3,
      "tcn_dropout": 0.1,
      "tcn_dil_growth": 2,
      "fc_hidden": 128,
      "fc_dropout": 0.2
    },
    "data": {
      "N": 2622,
      "T": 30,
      "F": 36
    }
  }
}