{
  "timestamp": "2025-09-13T01:28:58.593495Z",
  "command": "model/long_window/Video_Swin_Transformer_Activation_Checkpointing/scripts/train_videoswin.py --npz_path windows_v2_all.npz --preset tiny --epochs 30 --batch 4 --layer_decay 0.85 --freeze_epochs 1 --dynamic_threshold --auto_batch_probe --no_sampler --ema_f1 0.2 --seed 99",
  "git_commit": "44c2404115e815b62b7ee648d585ce8752c5c85b",
  "python": "3.10.12",
  "platform": "Linux-6.6.87.2-microsoft-standard-WSL2-x86_64-with-glibc2.35",
  "torch": "2.3.1+cu121",
  "cuda_available": true,
  "device_name": "NVIDIA GeForce RTX 4070 SUPER",
  "seed": 99,
  "data_npz": "/home/user/projects/train/train_data/Slipce_2/windows_v2_all.npz",
  "data_meta": {
    "train_class_counts": [
      605,
      416
    ]
  },
  "model": {
    "preset": "tiny",
    "window_size": [
      2,
      7,
      7
    ],
    "depths": null,
    "num_heads": null,
    "embed_dim": null,
    "drop_path_rate": null,
    "use_checkpoint": false,
    "param_count": 29124943,
    "single_logit": true
  },
  "optimization": {
    "epochs": 30,
    "batch_micro": 16,
    "accum": 1,
    "effective_batch": 16,
    "lr": 0.0003,
    "weight_decay": 0.05,
    "warmup_epochs": 2,
    "early_patience": 6,
    "min_delta": 0.0001,
    "no_early_stop": false,
    "pos_weight": 1.4543269230769231,
    "sampler_used": false,
    "balance_by_class": false,
    "amplify_hard_negative": false,
    "hard_negative_factor": 2.0,
    "temporal_jitter": 0,
    "focal_loss": false,
    "focal_gamma": 2.0,
    "ema_f1_alpha": 0.2
  },
  "metrics": {
    "best_epoch": 12,
    "best_f1": 0.5399835289291054,
    "best_record": {
      "epoch": 12,
      "loss": 0.7735557220876217,
      "lr": 0.0002156016555463472,
      "f1": 0.5679012345679012,
      "auc": 0.6365583270345175,
      "cm": [
        [
          81,
          66
        ],
        [
          39,
          69
        ]
      ],
      "acc": 0.5882353186607361,
      "f1_opt": 0.6270627062706271,
      "best_threshold": 0.4369567974128915,
      "f1_ema": 0.5399835289291054
    },
    "last_record": {
      "epoch": 18,
      "loss": 0.76315345056355,
      "lr": 0.0001174886917560322,
      "f1": 0.5652173913043478,
      "auc": 0.6441798941798942,
      "cm": [
        [
          90,
          57
        ],
        [
          43,
          65
        ]
      ],
      "acc": 0.6078431606292725,
      "f1_opt": 0.6238532110091743,
      "best_threshold": 0.3813296713721213,
      "f1_ema": 0.5347146401763672
    }
  },
  "artifacts": {
    "history_json": "/home/user/projects/train/model/long_window/Video_Swin_Transformer_Activation_Checkpointing/result_mod/05/history.json",
    "best_ckpt": "/home/user/projects/train/model/long_window/Video_Swin_Transformer_Activation_Checkpointing/result_mod/05/best.ckpt",
    "last_ckpt": "/home/user/projects/train/model/long_window/Video_Swin_Transformer_Activation_Checkpointing/result_mod/05/last.ckpt"
  },
  "notes": "Weights (.ckpt/.pt/.onnx) may be excluded from backup; this report plus seed & code commit allow retraining. Minor nondeterminism can arise from CUDA kernels unless fully deterministic settings are enforced."
}