{
  "test": {
    "auc": 0.7308104698833175,
    "f1": 0.17094017094017094,
    "recall": 0.09523809523809523,
    "TP": 10,
    "FP": 2,
    "FN": 95,
    "TN": 149
  },
  "top_epochs": [
    {
      "epoch": 44,
      "auc": 0.7270440251572328,
      "f1": 0.5714285714285714,
      "recall": 0.49056603773584906,
      "score": 0.5621203953279426,
      "TP": 26,
      "FP": 12,
      "FN": 27,
      "TN": 63
    },
    {
      "epoch": 46,
      "auc": 0.7381132075471698,
      "f1": 0.379746835443038,
      "recall": 0.2830188679245283,
      "score": 0.4030561261046095,
      "TP": 15,
      "FP": 11,
      "FN": 38,
      "TN": 64
    },
    {
      "epoch": 42,
      "auc": 0.7358490566037736,
      "f1": 0.26865671641791045,
      "recall": 0.16981132075471697,
      "score": 0.31267248662348635,
      "TP": 9,
      "FP": 5,
      "FN": 44,
      "TN": 70
    },
    {
      "epoch": 36,
      "auc": 0.7313207547169811,
      "f1": 0.2647058823529412,
      "recall": 0.16981132075471697,
      "score": 0.31058157602663705,
      "TP": 9,
      "FP": 6,
      "FN": 44,
      "TN": 69
    }
  ],
  "params": {
    "model": "cnn_bilstm_attn",
    "batch": 16,
    "accumulate_steps": 8,
    "effective_batch": 128,
    "run_seed": null,
    "focal_alpha": 0.1,
    "focal_gamma_start": 0.0,
    "focal_gamma_end": 1.0,
    "curriculum_epochs": 20,
    "class_weight_neg": 1.2,
    "class_weight_pos": 1.0,
    "mask_mode": "soft",
    "mask_threshold": 0.6,
    "window_mask_min_mean": null
  },
  "cmd": "python train_cnn_bilstm.py --windows /home/user/projects/train/train_data/slipce/windows_npz.npz --epochs 70 --batch 16 --accumulate_steps 8 --result_dir /home/user/projects/train/model/long_window/CNN_BiLSTM/result_focal_sweep/cw04_fg05 --focal_alpha 0.1 --focal_gamma_start 0.0 --focal_gamma_end 1.0 --curriculum_epochs 20 --run_seed None --class_weight_neg 1.2 --class_weight_pos 1.0 --mask_threshold 0.6 --mask_mode soft --window_mask_min_mean None  [auto-mask: occlusion_flag]"
}