{
  "epoch": 1,
  "threshold": 0.5698851152281066,
  "f1_opt": 0.5855263157894738
}