{
  "test": {
    "auc": 0.6662882371491643,
    "f1": 0.46706586826347307,
    "recall": 0.37142857142857144,
    "TP": 39,
    "FP": 23,
    "FN": 66,
    "TN": 128
  },
  "top_epochs": [
    {
      "epoch": 44,
      "auc": 0.6847798742138365,
      "f1": 0.5818181818181818,
      "recall": 0.6037735849056604,
      "score": 0.613388221841052,
      "TP": 32,
      "FP": 25,
      "FN": 21,
      "TN": 50
    },
    {
      "epoch": 41,
      "auc": 0.7182389937106919,
      "f1": 0.5688073394495413,
      "recall": 0.5849056603773585,
      "score": 0.60674283076568,
      "TP": 31,
      "FP": 25,
      "FN": 22,
      "TN": 50
    },
    {
      "epoch": 37,
      "auc": 0.7051572327044026,
      "f1": 0.5825242718446602,
      "recall": 0.5660377358490566,
      "score": 0.5988075960188068,
      "TP": 30,
      "FP": 20,
      "FN": 23,
      "TN": 55
    },
    {
      "epoch": 47,
      "auc": 0.7242767295597484,
      "f1": 0.5523809523809524,
      "recall": 0.5471698113207547,
      "score": 0.5841545372866128,
      "TP": 29,
      "FP": 23,
      "FN": 24,
      "TN": 52
    }
  ],
  "params": {
    "model": "cnn_bilstm_attn",
    "batch": 16,
    "accumulate_steps": 8,
    "effective_batch": 128,
    "run_seed": null,
    "focal_alpha": 0.22,
    "focal_gamma_start": 0.0,
    "focal_gamma_end": 1.6,
    "curriculum_epochs": 20,
    "class_weight_neg": 0.9,
    "class_weight_pos": 0.8,
    "mask_mode": "soft",
    "mask_threshold": 0.6,
    "window_mask_min_mean": null
  },
  "cmd": "python train_cnn_bilstm.py --windows /home/user/projects/train/train_data/slipce/windows_npz.npz --epochs 70 --batch 16 --accumulate_steps 8 --result_dir /home/user/projects/train/model/long_window/CNN_BiLSTM/result_focal_refine/cw07_fg02 --focal_alpha 0.22 --focal_gamma_start 0.0 --focal_gamma_end 1.6 --curriculum_epochs 20 --run_seed None --class_weight_neg 0.9 --class_weight_pos 0.8 --mask_threshold 0.6 --mask_mode soft --window_mask_min_mean None  [auto-mask: occlusion_flag]"
}