{
  "test": {
    "auc": 0.7036266162093976,
    "f1": 0.3576158940397351,
    "recall": 0.2571428571428571,
    "TP": 27,
    "FP": 19,
    "FN": 78,
    "TN": 132
  },
  "top_epochs": [
    {
      "epoch": 40,
      "auc": 0.7164779874213837,
      "f1": 0.6126126126126126,
      "recall": 0.6415094339622641,
      "score": 0.6478340982491926,
      "TP": 34,
      "FP": 24,
      "FN": 19,
      "TN": 51
    },
    {
      "epoch": 37,
      "auc": 0.699622641509434,
      "f1": 0.5961538461538461,
      "recall": 0.5849056603773585,
      "score": 0.6112235123367199,
      "TP": 31,
      "FP": 20,
      "FN": 22,
      "TN": 55
    },
    {
      "epoch": 39,
      "auc": 0.6976100628930818,
      "f1": 0.5740740740740741,
      "recall": 0.5849056603773585,
      "score": 0.6041970649895179,
      "TP": 31,
      "FP": 24,
      "FN": 22,
      "TN": 51
    },
    {
      "epoch": 38,
      "auc": 0.7059119496855345,
      "f1": 0.5882352941176471,
      "recall": 0.5660377358490566,
      "score": 0.6006718460969294,
      "TP": 30,
      "FP": 19,
      "FN": 23,
      "TN": 56
    }
  ],
  "params": {
    "model": "cnn_bilstm_attn",
    "batch": 16,
    "accumulate_steps": 8,
    "effective_batch": 128,
    "run_seed": null,
    "focal_alpha": 0.25,
    "focal_gamma_start": 0.0,
    "focal_gamma_end": 1.6,
    "curriculum_epochs": 20,
    "class_weight_neg": 1.0,
    "class_weight_pos": 0.8,
    "mask_mode": "soft",
    "mask_threshold": 0.6,
    "window_mask_min_mean": null
  },
  "cmd": "python train_cnn_bilstm.py --windows /home/user/projects/train/train_data/slipce/windows_npz.npz --epochs 70 --batch 16 --accumulate_steps 8 --result_dir /home/user/projects/train/model/long_window/CNN_BiLSTM/result_focal_refine/cw02_fg04 --focal_alpha 0.25 --focal_gamma_start 0.0 --focal_gamma_end 1.6 --curriculum_epochs 20 --run_seed None --class_weight_neg 1.0 --class_weight_pos 0.8 --mask_threshold 0.6 --mask_mode soft --window_mask_min_mean None  [auto-mask: occlusion_flag]"
}