{
  "test": {
    "auc": 0.7233680227057709,
    "f1": 0.5757575757575758,
    "recall": 0.5428571428571428,
    "TP": 57,
    "FP": 36,
    "FN": 48,
    "TN": 115
  },
  "top_epochs": [
    {
      "epoch": 25,
      "auc": 0.6948427672955975,
      "f1": 0.6,
      "recall": 0.7924528301886793,
      "score": 0.7151949685534592,
      "TP": 42,
      "FP": 45,
      "FN": 11,
      "TN": 30
    },
    {
      "epoch": 41,
      "auc": 0.7444025157232704,
      "f1": 0.624,
      "recall": 0.7358490566037735,
      "score": 0.7040050314465408,
      "TP": 39,
      "FP": 33,
      "FN": 14,
      "TN": 42
    },
    {
      "epoch": 31,
      "auc": 0.7232704402515723,
      "f1": 0.6386554621848739,
      "recall": 0.7169811320754716,
      "score": 0.6947412927435124,
      "TP": 38,
      "FP": 28,
      "FN": 15,
      "TN": 47
    },
    {
      "epoch": 27,
      "auc": 0.7358490566037735,
      "f1": 0.6491228070175439,
      "recall": 0.6981132075471698,
      "score": 0.6909632571996027,
      "TP": 37,
      "FP": 24,
      "FN": 16,
      "TN": 51
    }
  ],
  "params": {
    "model": "cnn_bilstm_attn",
    "batch": 16,
    "accumulate_steps": 8,
    "effective_batch": 128,
    "run_seed": null,
    "focal_alpha": 0.4,
    "focal_gamma_start": 0.0,
    "focal_gamma_end": 1.0,
    "curriculum_epochs": 20,
    "class_weight_neg": 1.0,
    "class_weight_pos": 0.85,
    "mask_mode": "soft",
    "mask_threshold": 0.6,
    "window_mask_min_mean": null
  },
  "cmd": "python train_cnn_bilstm.py --windows /home/user/projects/train/train_data/slipce/windows_npz.npz --epochs 70 --batch 16 --accumulate_steps 8 --result_dir /home/user/projects/train/model/long_window/CNN_BiLSTM/result_focal_refine/cw03_fg09 --focal_alpha 0.4 --focal_gamma_start 0.0 --focal_gamma_end 1.0 --curriculum_epochs 20 --run_seed None --class_weight_neg 1.0 --class_weight_pos 0.85 --mask_threshold 0.6 --mask_mode soft --window_mask_min_mean None  [auto-mask: occlusion_flag]"
}