{
  "test": {
    "auc": 0.6976978871018606,
    "f1": 0.4195804195804196,
    "recall": 0.2857142857142857,
    "TP": 30,
    "FP": 8,
    "FN": 75,
    "TN": 143
  },
  "top_epochs": [
    {
      "epoch": 41,
      "auc": 0.7159748427672957,
      "f1": 0.5510204081632653,
      "recall": 0.5094339622641509,
      "score": 0.5632180721345141,
      "TP": 27,
      "FP": 18,
      "FN": 26,
      "TN": 57
    },
    {
      "epoch": 38,
      "auc": 0.7076729559748427,
      "f1": 0.5,
      "recall": 0.41509433962264153,
      "score": 0.4990817610062893,
      "TP": 22,
      "FP": 13,
      "FN": 31,
      "TN": 62
    },
    {
      "epoch": 46,
      "auc": 0.7159748427672955,
      "f1": 0.4827586206896552,
      "recall": 0.39622641509433965,
      "score": 0.48613576230752553,
      "TP": 21,
      "FP": 13,
      "FN": 32,
      "TN": 62
    },
    {
      "epoch": 35,
      "auc": 0.6961006289308176,
      "f1": 0.4827586206896552,
      "recall": 0.39622641509433965,
      "score": 0.4821609195402299,
      "TP": 21,
      "FP": 13,
      "FN": 32,
      "TN": 62
    }
  ],
  "params": {
    "model": "cnn_bilstm_attn",
    "batch": 16,
    "accumulate_steps": 8,
    "effective_batch": 128,
    "run_seed": null,
    "mask_mode": "soft",
    "mask_threshold": 0.75,
    "window_mask_min_mean": null
  },
  "cmd": "python train_cnn_bilstm.py --windows /home/user/projects/train/train_data/slipce/windows_npz.npz --epochs 60 --batch 16 --accumulate_steps 8 --result_dir /home/user/projects/train/model/long_window/CNN_BiLSTM/result_mask_sweep_60e/run_02 --focal_alpha 0.25 --focal_gamma_start 0.0 --focal_gamma_end 1.5 --curriculum_epochs 20 --run_seed None --mask_threshold 0.75 --mask_mode soft --window_mask_min_mean None  [auto-mask: occlusion_flag]"
}