{
  "test": {
    "auc": 0.7370545569221065,
    "f1": 0.594059405940594,
    "recall": 0.5714285714285714,
    "TP": 60,
    "FP": 37,
    "FN": 45,
    "TN": 114
  },
  "top_epochs": [
    {
      "epoch": 35,
      "auc": 0.7514465408805031,
      "f1": 0.6181818181818182,
      "recall": 0.6415094339622641,
      "score": 0.6564985706117782,
      "TP": 34,
      "FP": 23,
      "FN": 19,
      "TN": 52
    },
    {
      "epoch": 45,
      "auc": 0.7514465408805031,
      "f1": 0.6181818181818182,
      "recall": 0.6415094339622641,
      "score": 0.6564985706117782,
      "TP": 34,
      "FP": 23,
      "FN": 19,
      "TN": 52
    },
    {
      "epoch": 37,
      "auc": 0.7403773584905661,
      "f1": 0.6071428571428571,
      "recall": 0.6415094339622641,
      "score": 0.6509730458221024,
      "TP": 34,
      "FP": 25,
      "FN": 19,
      "TN": 50
    },
    {
      "epoch": 40,
      "auc": 0.7164779874213837,
      "f1": 0.591304347826087,
      "recall": 0.6415094339622641,
      "score": 0.6414416188132349,
      "TP": 34,
      "FP": 28,
      "FN": 19,
      "TN": 47
    }
  ],
  "params": {
    "model": "cnn_bilstm_attn",
    "batch": 16,
    "accumulate_steps": 8,
    "effective_batch": 128,
    "run_seed": null,
    "focal_alpha": 0.28,
    "focal_gamma_start": 0.0,
    "focal_gamma_end": 1.4,
    "curriculum_epochs": 20,
    "class_weight_neg": 1.0,
    "class_weight_pos": 0.8,
    "mask_mode": "soft",
    "mask_threshold": 0.6,
    "window_mask_min_mean": null
  },
  "cmd": "python train_cnn_bilstm.py --windows /home/user/projects/train/train_data/slipce/windows_npz.npz --epochs 70 --batch 16 --accumulate_steps 8 --result_dir /home/user/projects/train/model/long_window/CNN_BiLSTM/result_focal_refine/cw02_fg05 --focal_alpha 0.28 --focal_gamma_start 0.0 --focal_gamma_end 1.4 --curriculum_epochs 20 --run_seed None --class_weight_neg 1.0 --class_weight_pos 0.8 --mask_threshold 0.6 --mask_mode soft --window_mask_min_mean None  [auto-mask: occlusion_flag]"
}