{
  "test": {
    "auc": 0.7117628508356986,
    "f1": 0.07207207207207207,
    "recall": 0.0380952380952381,
    "TP": 4,
    "FP": 2,
    "FN": 101,
    "TN": 149
  },
  "top_epochs": [
    {
      "epoch": 46,
      "auc": 0.6981132075471699,
      "f1": 0.3561643835616438,
      "recall": 0.24528301886792453,
      "score": 0.3691134660118894,
      "TP": 13,
      "FP": 7,
      "FN": 40,
      "TN": 68
    },
    {
      "epoch": 44,
      "auc": 0.7074213836477987,
      "f1": 0.29850746268656714,
      "recall": 0.18867924528301888,
      "score": 0.32537613817703936,
      "TP": 10,
      "FP": 4,
      "FN": 43,
      "TN": 71
    },
    {
      "epoch": 45,
      "auc": 0.7026415094339622,
      "f1": 0.2857142857142857,
      "recall": 0.18867924528301888,
      "score": 0.3205822102425876,
      "TP": 10,
      "FP": 7,
      "FN": 43,
      "TN": 68
    },
    {
      "epoch": 47,
      "auc": 0.7147169811320755,
      "f1": 0.26865671641791045,
      "recall": 0.16981132075471697,
      "score": 0.3084460715291467,
      "TP": 9,
      "FP": 5,
      "FN": 44,
      "TN": 70
    }
  ],
  "params": {
    "model": "cnn_bilstm_attn",
    "batch": 16,
    "accumulate_steps": 8,
    "effective_batch": 128,
    "run_seed": null,
    "focal_alpha": 0.1,
    "focal_gamma_start": 0.0,
    "focal_gamma_end": 1.0,
    "curriculum_epochs": 20,
    "class_weight_neg": 1.0,
    "class_weight_pos": 0.6,
    "mask_mode": "soft",
    "mask_threshold": 0.6,
    "window_mask_min_mean": null
  },
  "cmd": "python train_cnn_bilstm.py --windows /home/user/projects/train/train_data/slipce/windows_npz.npz --epochs 70 --batch 16 --accumulate_steps 8 --result_dir /home/user/projects/train/model/long_window/CNN_BiLSTM/result_focal_sweep/cw03_fg05 --focal_alpha 0.1 --focal_gamma_start 0.0 --focal_gamma_end 1.0 --curriculum_epochs 20 --run_seed None --class_weight_neg 1.0 --class_weight_pos 0.6 --mask_threshold 0.6 --mask_mode soft --window_mask_min_mean None  [auto-mask: occlusion_flag]"
}