{
  "fold": 5,
  "val": {
    "fold": 5,
    "auc": 0.7759420003945552,
    "f1": 0.6536964980544747,
    "recall": 0.5675675675675675,
    "precision": 0.7706422018348624,
    "composite": 0.6350811332790371,
    "precision_aware": 0.7366184504126847,
    "TP": 84,
    "FP": 25,
    "FN": 64,
    "TN": 112
  },
  "params": {
    "model": "cnn_bilstm_attn",
    "batch": 16,
    "accumulate_steps": 8,
    "run_seed": null,
    "checkpoint_metric": "auc",
    "focal_alpha": 0.4,
    "focal_gamma_start": 0.0,
    "focal_gamma_end": 1.0,
    "mask_mode": "soft",
    "mask_threshold": 0.6,
    "window_mask_min_mean": null
  }
}