{
  "test": {
    "auc": 0.7469567959634184,
    "f1": 0.5851063829787234,
    "recall": 0.5238095238095238,
    "TP": 55,
    "FP": 28,
    "FN": 50,
    "TN": 123
  },
  "top_epochs": [
    {
      "epoch": 51,
      "auc": 0.7516981132075472,
      "f1": 0.6666666666666666,
      "recall": 0.6981132075471698,
      "score": 0.6993962264150944,
      "TP": 37,
      "FP": 21,
      "FN": 16,
      "TN": 54
    },
    {
      "epoch": 53,
      "auc": 0.7343396226415095,
      "f1": 0.6542056074766355,
      "recall": 0.660377358490566,
      "score": 0.6733182860165755,
      "TP": 35,
      "FP": 19,
      "FN": 18,
      "TN": 56
    },
    {
      "epoch": 49,
      "auc": 0.7232704402515724,
      "f1": 0.6153846153846154,
      "recall": 0.6792452830188679,
      "score": 0.668892114175133,
      "TP": 36,
      "FP": 28,
      "FN": 17,
      "TN": 47
    },
    {
      "epoch": 47,
      "auc": 0.739622641509434,
      "f1": 0.6601941747572816,
      "recall": 0.6415094339622641,
      "score": 0.6667374977102034,
      "TP": 34,
      "FP": 16,
      "FN": 19,
      "TN": 59
    }
  ],
  "params": {
    "model": "cnn_bilstm_attn",
    "batch": 16,
    "accumulate_steps": 8,
    "effective_batch": 128,
    "run_seed": null,
    "focal_alpha": 0.25,
    "focal_gamma_start": 0.0,
    "focal_gamma_end": 1.4,
    "curriculum_epochs": 20,
    "class_weight_neg": 0.9,
    "class_weight_pos": 0.8,
    "mask_mode": "soft",
    "mask_threshold": 0.6,
    "window_mask_min_mean": null
  },
  "cmd": "python train_cnn_bilstm.py --windows /home/user/projects/train/train_data/slipce/windows_npz.npz --epochs 70 --batch 16 --accumulate_steps 8 --result_dir /home/user/projects/train/model/long_window/CNN_BiLSTM/result_focal_refine/cw07_fg03 --focal_alpha 0.25 --focal_gamma_start 0.0 --focal_gamma_end 1.4 --curriculum_epochs 20 --run_seed None --class_weight_neg 0.9 --class_weight_pos 0.8 --mask_threshold 0.6 --mask_mode soft --window_mask_min_mean None  [auto-mask: occlusion_flag]"
}