{
  "test": {
    "auc": 0.6956795963418481,
    "f1": 0.5588235294117647,
    "recall": 0.5428571428571428,
    "TP": 57,
    "FP": 42,
    "FN": 48,
    "TN": 109
  },
  "top_epochs": [
    {
      "epoch": 66,
      "auc": 0.689559748427673,
      "f1": 0.5420560747663551,
      "recall": 0.5471698113207547,
      "score": 0.5741136777758185,
      "TP": 29,
      "FP": 25,
      "FN": 24,
      "TN": 50
    },
    {
      "epoch": 63,
      "auc": 0.7061635220125786,
      "f1": 0.5306122448979592,
      "recall": 0.49056603773584906,
      "score": 0.545699396739828,
      "TP": 26,
      "FP": 19,
      "FN": 27,
      "TN": 56
    },
    {
      "epoch": 70,
      "auc": 0.6729559748427673,
      "f1": 0.4954128440366973,
      "recall": 0.5094339622641509,
      "score": 0.5379320293116381,
      "TP": 27,
      "FP": 29,
      "FN": 26,
      "TN": 46
    },
    {
      "epoch": 56,
      "auc": 0.7177358490566038,
      "f1": 0.5263157894736842,
      "recall": 0.4716981132075472,
      "score": 0.5372909632571996,
      "TP": 25,
      "FP": 17,
      "FN": 28,
      "TN": 58
    }
  ],
  "params": {
    "model": "cnn_bilstm_attn",
    "batch": 16,
    "accumulate_steps": 8,
    "effective_batch": 128,
    "run_seed": null,
    "focal_alpha": 0.1,
    "focal_gamma_start": 0.0,
    "focal_gamma_end": 1.0,
    "curriculum_epochs": 20,
    "class_weight_neg": 1.0,
    "class_weight_pos": 0.8,
    "mask_mode": "soft",
    "mask_threshold": 0.6,
    "window_mask_min_mean": null
  },
  "cmd": "python train_cnn_bilstm.py --windows /home/user/projects/train/train_data/slipce/windows_npz.npz --epochs 70 --batch 16 --accumulate_steps 8 --result_dir /home/user/projects/train/model/long_window/CNN_BiLSTM/result_focal_sweep/cw02_fg05 --focal_alpha 0.1 --focal_gamma_start 0.0 --focal_gamma_end 1.0 --curriculum_epochs 20 --run_seed None --class_weight_neg 1.0 --class_weight_pos 0.8 --mask_threshold 0.6 --mask_mode soft --window_mask_min_mean None  [auto-mask: occlusion_flag]"
}