{
  "test": {
    "auc": 0.6220119836013875,
    "f1": 0.4025974025974026,
    "recall": 0.29523809523809524,
    "TP": 31,
    "FP": 18,
    "FN": 74,
    "TN": 133
  },
  "top_epochs": [
    {
      "epoch": 30,
      "auc": 0.5844025157232704,
      "f1": 0.40963855421686746,
      "recall": 0.32075471698113206,
      "score": 0.42651420777449417,
      "TP": 17,
      "FP": 13,
      "FN": 36,
      "TN": 62
    },
    {
      "epoch": 29,
      "auc": 0.5838993710691824,
      "f1": 0.38461538461538464,
      "recall": 0.2830188679245283,
      "score": 0.4037619738751814,
      "TP": 15,
      "FP": 10,
      "FN": 38,
      "TN": 65
    },
    {
      "epoch": 25,
      "auc": 0.5813836477987422,
      "f1": 0.32,
      "recall": 0.22641509433962265,
      "score": 0.3609811320754717,
      "TP": 12,
      "FP": 10,
      "FN": 41,
      "TN": 65
    },
    {
      "epoch": 26,
      "auc": 0.5796226415094339,
      "f1": 0.3076923076923077,
      "recall": 0.22641509433962265,
      "score": 0.3567605224963715,
      "TP": 12,
      "FP": 13,
      "FN": 41,
      "TN": 62
    }
  ],
  "params": {
    "arch": "gated",
    "filters": 64,
    "kernel": 3,
    "dropout": 0.2,
    "attn_units": 32,
    "gate_type": "vector_sigmoid"
  },
  "cmd": "python train_tcn_residual.py --windows /home/user/projects/train/train_data/slipce/windows_npz.npz --window_type long --arch gated --attn_units 32 --gate_type vector_sigmoid --epochs 100 --batch 64 --filters 64 --kernel 3 --dropout 0.2 --result_dir /home/user/projects/train/model/long_window/TCN_Residual/result --use_layernorm --focal_alpha 0.25 --focal_gamma_start 0.5 --focal_gamma_end 0.5 --curriculum_epochs 1 --run_seed 23"
}