{
  "test": {
    "auc": 0.6642699463891516,
    "f1": 0.0,
    "recall": 0.0,
    "TP": 0,
    "FP": 0,
    "FN": 105,
    "TN": 151
  },
  "top_epochs": [
    {
      "epoch": 10,
      "auc": 0.6030188679245283,
      "f1": 0.379746835443038,
      "recall": 0.2830188679245283,
      "score": 0.3760372581800812,
      "TP": 15,
      "FP": 11,
      "FN": 38,
      "TN": 64
    },
    {
      "epoch": 9,
      "auc": 0.5982389937106919,
      "f1": 0.3157894736842105,
      "recall": 0.22641509433962265,
      "score": 0.32759218801721285,
      "TP": 12,
      "FP": 11,
      "FN": 41,
      "TN": 64
    },
    {
      "epoch": 11,
      "auc": 0.6025157232704402,
      "f1": 0.3055555555555556,
      "recall": 0.20754716981132076,
      "score": 0.3159433962264151,
      "TP": 11,
      "FP": 8,
      "FN": 42,
      "TN": 67
    },
    {
      "epoch": 7,
      "auc": 0.5974842767295597,
      "f1": 0.2727272727272727,
      "recall": 0.16981132075471697,
      "score": 0.28622069754145224,
      "TP": 9,
      "FP": 4,
      "FN": 44,
      "TN": 71
    }
  ],
  "params": {
    "model": "cnn_bilstm_attn",
    "batch": 16,
    "accumulate_steps": 8,
    "effective_batch": 128,
    "run_seed": null,
    "focal_alpha": 0.4,
    "focal_gamma_start": 0.0,
    "focal_gamma_end": 1.0,
    "curriculum_epochs": 20,
    "class_weight_neg": 0.95,
    "class_weight_pos": 0.8,
    "mask_mode": "soft",
    "mask_threshold": 0.6,
    "window_mask_min_mean": null
  },
  "cmd": "python train_cnn_bilstm.py --windows /home/user/projects/train/train_data/slipce/windows_npz.npz --epochs 70 --batch 16 --accumulate_steps 8 --result_dir /home/user/projects/train/model/long_window/CNN_BiLSTM/result_focal_refine/cw04_fg09 --focal_alpha 0.4 --focal_gamma_start 0.0 --focal_gamma_end 1.0 --curriculum_epochs 20 --run_seed None --class_weight_neg 0.95 --class_weight_pos 0.8 --mask_threshold 0.6 --mask_mode soft --window_mask_min_mean None  [auto-mask: occlusion_flag]"
}