{
  "test": {
    "auc": 0.7388205613371177,
    "f1": 0.49696969696969695,
    "recall": 0.3904761904761905,
    "TP": 41,
    "FP": 19,
    "FN": 64,
    "TN": 132
  },
  "top_epochs": [
    {
      "epoch": 47,
      "auc": 0.7371069182389938,
      "f1": 0.5858585858585859,
      "recall": 0.5471698113207547,
      "score": 0.5967638650657519,
      "TP": 29,
      "FP": 17,
      "FN": 24,
      "TN": 58
    },
    {
      "epoch": 55,
      "auc": 0.7454088050314465,
      "f1": 0.5454545454545454,
      "recall": 0.5094339622641509,
      "score": 0.5674351057747284,
      "TP": 27,
      "FP": 19,
      "FN": 26,
      "TN": 56
    },
    {
      "epoch": 48,
      "auc": 0.731069182389937,
      "f1": 0.5208333333333334,
      "recall": 0.4716981132075472,
      "score": 0.538312893081761,
      "TP": 25,
      "FP": 18,
      "FN": 28,
      "TN": 57
    },
    {
      "epoch": 46,
      "auc": 0.7522012578616353,
      "f1": 0.5333333333333333,
      "recall": 0.4528301886792453,
      "score": 0.5368553459119497,
      "TP": 24,
      "FP": 13,
      "FN": 29,
      "TN": 62
    }
  ],
  "params": {
    "model": "cnn_bilstm_attn",
    "batch": 16,
    "accumulate_steps": 8,
    "effective_batch": 128,
    "run_seed": null,
    "focal_alpha": 0.2,
    "focal_gamma_start": 0.0,
    "focal_gamma_end": 1.5,
    "curriculum_epochs": 20,
    "class_weight_neg": 1.0,
    "class_weight_pos": 0.6,
    "mask_mode": "soft",
    "mask_threshold": 0.6,
    "window_mask_min_mean": null
  },
  "cmd": "python train_cnn_bilstm.py --windows /home/user/projects/train/train_data/slipce/windows_npz.npz --epochs 70 --batch 16 --accumulate_steps 8 --result_dir /home/user/projects/train/model/long_window/CNN_BiLSTM/result_focal_sweep/cw03_fg03 --focal_alpha 0.2 --focal_gamma_start 0.0 --focal_gamma_end 1.5 --curriculum_epochs 20 --run_seed None --class_weight_neg 1.0 --class_weight_pos 0.6 --mask_threshold 0.6 --mask_mode soft --window_mask_min_mean None  [auto-mask: occlusion_flag]"
}