{
  "fold": 3,
  "val": {
    "fold": 3,
    "auc": 0.7858227600058787,
    "f1": 0.697841726618705,
    "recall": 0.6510067114093959,
    "precision": 0.751937984496124,
    "composite": 0.6920204256914853,
    "precision_aware": 0.7424860622348493,
    "TP": 97,
    "FP": 32,
    "FN": 52,
    "TN": 105
  },
  "params": {
    "model": "cnn_bilstm_attn",
    "batch": 16,
    "accumulate_steps": 8,
    "run_seed": null,
    "checkpoint_metric": "auc",
    "focal_alpha": 0.4,
    "focal_gamma_start": 0.0,
    "focal_gamma_end": 1.0,
    "mask_mode": "soft",
    "mask_threshold": 0.6,
    "window_mask_min_mean": null
  }
}