{
  "test": {
    "auc": 0.7040050457269,
    "f1": 0.5,
    "recall": 0.41904761904761906,
    "TP": 44,
    "FP": 27,
    "FN": 61,
    "TN": 124
  },
  "top_epochs": [
    {
      "epoch": 53,
      "auc": 0.771069182389937,
      "f1": 0.6909090909090909,
      "recall": 0.7169811320754716,
      "score": 0.7199771297884505,
      "TP": 38,
      "FP": 19,
      "FN": 15,
      "TN": 56
    },
    {
      "epoch": 56,
      "auc": 0.7630188679245282,
      "f1": 0.6548672566371682,
      "recall": 0.6981132075471698,
      "score": 0.6981205543496409,
      "TP": 37,
      "FP": 23,
      "FN": 16,
      "TN": 52
    },
    {
      "epoch": 52,
      "auc": 0.7753459119496855,
      "f1": 0.6605504587155964,
      "recall": 0.6792452830188679,
      "score": 0.6928569615140499,
      "TP": 36,
      "FP": 20,
      "FN": 17,
      "TN": 55
    },
    {
      "epoch": 60,
      "auc": 0.7750943396226416,
      "f1": 0.6422018348623854,
      "recall": 0.660377358490566,
      "score": 0.677868097628527,
      "TP": 35,
      "FP": 21,
      "FN": 18,
      "TN": 54
    }
  ],
  "params": {
    "model": "cnn_bilstm_attn",
    "batch": 16,
    "accumulate_steps": 8,
    "effective_batch": 128,
    "run_seed": null,
    "focal_alpha": 0.25,
    "focal_gamma_start": 0.0,
    "focal_gamma_end": 2.0,
    "curriculum_epochs": 20,
    "class_weight_neg": 1.0,
    "class_weight_pos": 0.6,
    "mask_mode": "soft",
    "mask_threshold": 0.6,
    "window_mask_min_mean": null
  },
  "cmd": "python train_cnn_bilstm.py --windows /home/user/projects/train/train_data/slipce/windows_npz.npz --epochs 70 --batch 16 --accumulate_steps 8 --result_dir /home/user/projects/train/model/long_window/CNN_BiLSTM/result_focal_sweep/cw03_fg02 --focal_alpha 0.25 --focal_gamma_start 0.0 --focal_gamma_end 2.0 --curriculum_epochs 20 --run_seed None --class_weight_neg 1.0 --class_weight_pos 0.6 --mask_threshold 0.6 --mask_mode soft --window_mask_min_mean None  [auto-mask: occlusion_flag]"
}