{
  "test": {
    "auc": 0.732639545884579,
    "f1": 0.5573770491803278,
    "recall": 0.4857142857142857,
    "TP": 51,
    "FP": 27,
    "FN": 54,
    "TN": 124
  },
  "top_epochs": [
    {
      "epoch": 34,
      "auc": 0.709937106918239,
      "f1": 0.5961538461538461,
      "recall": 0.5849056603773585,
      "score": 0.6132864054184809,
      "TP": 31,
      "FP": 20,
      "FN": 22,
      "TN": 55
    },
    {
      "epoch": 30,
      "auc": 0.7051572327044026,
      "f1": 0.5825242718446602,
      "recall": 0.5660377358490566,
      "score": 0.5988075960188068,
      "TP": 30,
      "FP": 20,
      "FN": 23,
      "TN": 55
    },
    {
      "epoch": 32,
      "auc": 0.700880503144654,
      "f1": 0.5773195876288659,
      "recall": 0.5283018867924528,
      "score": 0.577522920313817,
      "TP": 28,
      "FP": 16,
      "FN": 25,
      "TN": 59
    },
    {
      "epoch": 27,
      "auc": 0.7144654088050315,
      "f1": 0.574468085106383,
      "recall": 0.5094339622641509,
      "score": 0.5699504884249967,
      "TP": 27,
      "FP": 14,
      "FN": 26,
      "TN": 61
    }
  ],
  "params": {
    "model": "cnn_bilstm_attn",
    "batch": 16,
    "accumulate_steps": 8,
    "effective_batch": 128,
    "run_seed": null,
    "focal_alpha": 0.32,
    "focal_gamma_start": 0.0,
    "focal_gamma_end": 1.6,
    "curriculum_epochs": 20,
    "class_weight_neg": 1.0,
    "class_weight_pos": 1.0,
    "mask_mode": "soft",
    "mask_threshold": 0.6,
    "window_mask_min_mean": null
  },
  "cmd": "python train_cnn_bilstm.py --windows /home/user/projects/train/train_data/slipce/windows_npz.npz --epochs 70 --batch 16 --accumulate_steps 8 --result_dir /home/user/projects/train/model/long_window/CNN_BiLSTM/result_focal_refine/cw08_fg08 --focal_alpha 0.32 --focal_gamma_start 0.0 --focal_gamma_end 1.6 --curriculum_epochs 20 --run_seed None --class_weight_neg 1.0 --class_weight_pos 1.0 --mask_threshold 0.6 --mask_mode soft --window_mask_min_mean None  [auto-mask: occlusion_flag]"
}