{
  "test": {
    "auc": 0.5760327972248502,
    "f1": 0.01834862385321101,
    "recall": 0.009523809523809525,
    "TP": 1,
    "FP": 3,
    "FN": 104,
    "TN": 148
  },
  "top_epochs": [
    {
      "epoch": 3,
      "auc": 0.6206289308176101,
      "f1": 0.07272727272727272,
      "recall": 0.03773584905660377,
      "score": 0.22310120068610634,
      "TP": 2,
      "FP": 0,
      "FN": 51,
      "TN": 75
    },
    {
      "epoch": 1,
      "auc": 0.6140880503144655,
      "f1": 0.07272727272727272,
      "recall": 0.03773584905660377,
      "score": 0.22113893653516295,
      "TP": 2,
      "FP": 0,
      "FN": 51,
      "TN": 75
    },
    {
      "epoch": 2,
      "auc": 0.6155974842767294,
      "f1": 0.037037037037037035,
      "recall": 0.018867924528301886,
      "score": 0.2033375262054507,
      "TP": 1,
      "FP": 0,
      "FN": 52,
      "TN": 75
    }
  ],
  "params": {
    "arch": "gated",
    "filters": 64,
    "kernel": 3,
    "dropout": 0.2,
    "attn_units": null,
    "gate_type": "vector_sigmoid"
  },
  "cmd": "python train_tcn_residual.py --windows /home/user/projects/train/train_data/slipce/windows_npz.npz --window_type auto --arch gated --attn_units None --gate_type vector_sigmoid --epochs 3 --batch 64 --filters 64 --kernel 3 --dropout 0.2 --result_dir /home/user/projects/train/model/long_window/TCN_Residual/result --focal_alpha 0.25 --focal_gamma_start 0.0 --focal_gamma_end 2.0 --curriculum_epochs 10"
}