{
  "test": {
    "auc": 0.728476821192053,
    "f1": 0.6173913043478261,
    "recall": 0.6761904761904762,
    "TP": 71,
    "FP": 54,
    "FN": 34,
    "TN": 97
  },
  "top_epochs": [
    {
      "epoch": 52,
      "auc": 0.7373584905660377,
      "f1": 0.6666666666666666,
      "recall": 0.7169811320754716,
      "score": 0.7059622641509434,
      "TP": 38,
      "FP": 23,
      "FN": 15,
      "TN": 52
    },
    {
      "epoch": 62,
      "auc": 0.7476729559748428,
      "f1": 0.6495726495726496,
      "recall": 0.7169811320754716,
      "score": 0.7028969521044993,
      "TP": 38,
      "FP": 26,
      "FN": 15,
      "TN": 49
    },
    {
      "epoch": 70,
      "auc": 0.7441509433962264,
      "f1": 0.6434782608695652,
      "recall": 0.6981132075471698,
      "score": 0.6909302707136997,
      "TP": 37,
      "FP": 25,
      "FN": 16,
      "TN": 50
    },
    {
      "epoch": 54,
      "auc": 0.7574842767295599,
      "f1": 0.6371681415929203,
      "recall": 0.6792452830188679,
      "score": 0.682269939333222,
      "TP": 36,
      "FP": 24,
      "FN": 17,
      "TN": 51
    }
  ],
  "params": {
    "model": "cnn_bilstm_attn",
    "batch": 16,
    "accumulate_steps": 8,
    "effective_batch": 128,
    "run_seed": null,
    "focal_alpha": 0.4,
    "focal_gamma_start": 0.0,
    "focal_gamma_end": 1.0,
    "curriculum_epochs": 20,
    "class_weight_neg": 1.05,
    "class_weight_pos": 0.8,
    "mask_mode": "soft",
    "mask_threshold": 0.6,
    "window_mask_min_mean": null
  },
  "cmd": "python train_cnn_bilstm.py --windows /home/user/projects/train/train_data/slipce/windows_npz.npz --epochs 70 --batch 16 --accumulate_steps 8 --result_dir result_confirm --focal_alpha 0.4 --focal_gamma_start 0.0 --focal_gamma_end 1.0 --curriculum_epochs 20 --no_early_stop --run_seed None --class_weight_neg 1.05 --class_weight_pos 0.8 --mask_threshold 0.6 --mask_mode soft --window_mask_min_mean None  [auto-mask: occlusion_flag]"
}