{
  "model": "tcn_attention_long",
  "split": "long",
  "device": "cuda",
  "params": {
    "tcn_channels": "128,128,256,256",
    "tcn_kernel": 3,
    "tcn_dropout": 0.2,
    "tcn_dil_growth": 2,
    "attn_type": "additive",
    "attn_hidden": 192,
    "mhsa_heads": 4,
    "fc_hidden": 192,
    "fc_dropout": 0.4
  },
  "data": {
    "N": 1276,
    "T": 75,
    "F": 36
  },
  "core_metrics": {
    "best": {
      "epoch": 9,
      "train_loss": 0.3226005751110548,
      "train_acc": 0.8961802154750245,
      "val_loss": 0.9820086366990033,
      "val_acc": 0.6352941176470588
    },
    "last": {
      "epoch": 10,
      "train_loss": 0.2945301596961923,
      "train_acc": 0.9089128305582762,
      "val_loss": 0.9907235496184406,
      "val_acc": 0.6313725490196078
    },
    "generalization_gap": {
      "at_best": -0.6594080615879485,
      "at_last": -0.6961933899222483
    },
    "top_k": [
      {
        "epoch": 9,
        "train_loss": 0.3226005751110548,
        "train_acc": 0.8961802154750245,
        "val_loss": 0.9820086366990033,
        "val_acc": 0.6352941176470588
      },
      {
        "epoch": 5,
        "train_loss": 0.320378837692866,
        "train_acc": 0.9020568070519099,
        "val_loss": 0.9826682506823072,
        "val_acc": 0.6470588235294118
      },
      {
        "epoch": 10,
        "train_loss": 0.2945301596961923,
        "train_acc": 0.9089128305582762,
        "val_loss": 0.9907235496184406,
        "val_acc": 0.6313725490196078
      },
      {
        "epoch": 7,
        "train_loss": 0.28727472817979527,
        "train_acc": 0.9138099902056807,
        "val_loss": 1.03476092488158,
        "val_acc": 0.6039215686274509
      }
    ]
  },
  "monitor": {
    "primary": "val_loss",
    "secondary": "val_acc"
  },
  "trends": {
    "train_loss_slope": -0.009337400699909812,
    "train_acc_slope": 0.0031559473283273454,
    "val_loss_slope": -0.022641781991863025,
    "val_acc_slope": 0.0008714596949891037
  },
  "overfitting": {
    "is_overfit": false,
    "score": 0,
    "signals": {
      "early_best": false,
      "loss_rebound": false,
      "gap_large": false,
      "acc_drop": false,
      "best_epoch_ratio": 0.9
    }
  },
  "hparams": {
    "model": "tcn_attention_long",
    "split": "long",
    "device": "cuda",
    "num_params": 991043,
    "epochs": 10,
    "batch_size": 128,
    "lr": 3e-05,
    "weight_decay": 0.0001,
    "seed": 42,
    "use_norm": true,
    "balance_by_class": false,
    "amplify_hard_negative": false,
    "hard_negative_factor": 1.5,
    "temporal_jitter_frames": 0,
    "val_ratio": 0.2,
    "num_workers": 0,
    "params": {
      "tcn_channels": "128,128,256,256",
      "tcn_kernel": 3,
      "tcn_dropout": 0.2,
      "tcn_dil_growth": 2,
      "attn_type": "additive",
      "attn_hidden": 192,
      "mhsa_heads": 4,
      "fc_hidden": 192,
      "fc_dropout": 0.4
    },
    "data": {
      "N": 1276,
      "T": 75,
      "F": 36
    }
  }
}