{
  "epoch": 4,
  "threshold": 0.3755980156474377,
  "f1_opt": 0.5370370370370371
}