{
  "model": "tcn_attention",
  "split": "short",
  "device": "cuda",
  "params": {
    "tcn_channels": "128,128,128",
    "tcn_kernel": 5,
    "tcn_dropout": 0.1,
    "tcn_dil_growth": 2,
    "attn_type": "additive",
    "attn_hidden": 128,
    "mhsa_heads": 4,
    "fc_hidden": 128,
    "fc_dropout": 0.2
  },
  "data": {
    "N": 2622,
    "T": 30,
    "F": 36
  },
  "core_metrics": {
    "best": {
      "epoch": 16,
      "train_loss": 0.31782906113975495,
      "train_acc": 0.8546234509056244,
      "val_loss": 0.5628046261445256,
      "val_acc": 0.7347328244274809
    },
    "last": {
      "epoch": 70,
      "train_loss": 0.039024715101412075,
      "train_acc": 0.9780743565300286,
      "val_loss": 1.2344680869852314,
      "val_acc": 0.6927480916030534
    },
    "generalization_gap": {
      "at_best": -0.2449755650047707,
      "at_last": -1.1954433718838193
    },
    "top_k": [
      {
        "epoch": 16,
        "train_loss": 0.31782906113975495,
        "train_acc": 0.8546234509056244,
        "val_loss": 0.5628046261445256,
        "val_acc": 0.7347328244274809
      },
      {
        "epoch": 12,
        "train_loss": 0.4390500641300976,
        "train_acc": 0.786463298379409,
        "val_loss": 0.5807810007160856,
        "val_acc": 0.6965648854961832
      },
      {
        "epoch": 14,
        "train_loss": 0.3890685916685626,
        "train_acc": 0.8050524308865586,
        "val_loss": 0.5922699484206339,
        "val_acc": 0.7118320610687023
      },
      {
        "epoch": 15,
        "train_loss": 0.32425868227097737,
        "train_acc": 0.8593898951382268,
        "val_loss": 0.5933783450199448,
        "val_acc": 0.7041984732824428
      }
    ]
  },
  "monitor": {
    "primary": "val_loss",
    "secondary": "val_acc"
  },
  "trends": {
    "train_loss_slope": -0.0022515789252029053,
    "train_acc_slope": 0.0007414468806270502,
    "val_loss_slope": -0.028476653814922467,
    "val_acc_slope": 0.002120441051738759
  },
  "overfitting": {
    "is_overfit": true,
    "score": 2,
    "signals": {
      "early_best": true,
      "loss_rebound": false,
      "gap_large": false,
      "acc_drop": true,
      "best_epoch_ratio": 0.23
    }
  },
  "hparams": {
    "model": "tcn_attention",
    "split": "short",
    "device": "cuda",
    "num_params": 473091,
    "epochs": 70,
    "batch_size": 256,
    "lr": 0.0001,
    "weight_decay": 0.0001,
    "seed": 42,
    "use_norm": true,
    "balance_by_class": true,
    "amplify_hard_negative": true,
    "hard_negative_factor": 1.5,
    "temporal_jitter_frames": 0,
    "val_ratio": 0.2,
    "num_workers": 0,
    "params": {
      "tcn_channels": "128,128,128",
      "tcn_kernel": 5,
      "tcn_dropout": 0.1,
      "tcn_dil_growth": 2,
      "attn_type": "additive",
      "attn_hidden": 128,
      "mhsa_heads": 4,
      "fc_hidden": 128,
      "fc_dropout": 0.2
    },
    "data": {
      "N": 2622,
      "T": 30,
      "F": 36
    }
  }
}