{
  "test": {
    "auc": 0.6535477767265847,
    "f1": 0.0,
    "recall": 0.0,
    "TP": 0,
    "FP": 0,
    "FN": 105,
    "TN": 151
  },
  "top_epochs": [
    {
      "epoch": 12,
      "auc": 0.6113207547169811,
      "f1": 0.037037037037037035,
      "recall": 0.018867924528301886,
      "score": 0.14280922431865828,
      "TP": 1,
      "FP": 0,
      "FN": 52,
      "TN": 75
    },
    {
      "epoch": 14,
      "auc": 0.6103144654088051,
      "f1": 0.037037037037037035,
      "recall": 0.018867924528301886,
      "score": 0.14260796645702306,
      "TP": 1,
      "FP": 0,
      "FN": 52,
      "TN": 75
    },
    {
      "epoch": 13,
      "auc": 0.6062893081761006,
      "f1": 0.037037037037037035,
      "recall": 0.018867924528301886,
      "score": 0.1418029350104822,
      "TP": 1,
      "FP": 0,
      "FN": 52,
      "TN": 75
    },
    {
      "epoch": 5,
      "auc": 0.6407547169811321,
      "f1": 0.0,
      "recall": 0.0,
      "score": 0.12815094339622643,
      "TP": 0,
      "FP": 0,
      "FN": 53,
      "TN": 75
    }
  ],
  "params": {
    "model": "cnn_bilstm_attn",
    "batch": 16,
    "accumulate_steps": 8,
    "effective_batch": 128,
    "run_seed": null,
    "focal_alpha": 0.2,
    "focal_gamma_start": 0.0,
    "focal_gamma_end": 2.0,
    "curriculum_epochs": 20,
    "class_weight_neg": 1.0,
    "class_weight_pos": 0.8,
    "mask_mode": "soft",
    "mask_threshold": 0.6,
    "window_mask_min_mean": null
  },
  "cmd": "python train_cnn_bilstm.py --windows /home/user/projects/train/train_data/slipce/windows_npz.npz --epochs 70 --batch 16 --accumulate_steps 8 --result_dir /home/user/projects/train/model/long_window/CNN_BiLSTM/result_focal_sweep/cw02_fg04 --focal_alpha 0.2 --focal_gamma_start 0.0 --focal_gamma_end 2.0 --curriculum_epochs 20 --run_seed None --class_weight_neg 1.0 --class_weight_pos 0.8 --mask_threshold 0.6 --mask_mode soft --window_mask_min_mean None  [auto-mask: occlusion_flag]"
}