{
  "model": "tcn_attention_long",
  "split": "long",
  "device": "cuda",
  "params": {
    "tcn_channels": "128,128,256,256",
    "tcn_kernel": 3,
    "tcn_dropout": 0.1,
    "tcn_dil_growth": 2,
    "attn_type": "additive",
    "attn_hidden": 192,
    "mhsa_heads": 4,
    "fc_hidden": 192,
    "fc_dropout": 0.3
  },
  "data": {
    "N": 1276,
    "T": 75,
    "F": 36
  },
  "core_metrics": {
    "best": {
      "epoch": 1,
      "train_loss": 0.20849130401181662,
      "train_acc": 0.9157688540646425,
      "val_loss": 0.8235673916106131,
      "val_acc": 0.6588235294117647
    },
    "last": {
      "epoch": 17,
      "train_loss": 0.15127434516571878,
      "train_acc": 0.9333986287952988,
      "val_loss": 0.9316688172957477,
      "val_acc": 0.6588235294117647
    },
    "generalization_gap": {
      "at_best": -0.6150760875987965,
      "at_last": -0.7803944721300289
    },
    "top_k": [
      {
        "epoch": 1,
        "train_loss": 0.20849130401181662,
        "train_acc": 0.9157688540646425,
        "val_loss": 0.8235673916106131,
        "val_acc": 0.6588235294117647
      },
      {
        "epoch": 2,
        "train_loss": 0.1793371394758243,
        "train_acc": 0.9333986287952988,
        "val_loss": 0.838147165962294,
        "val_acc": 0.6784313725490196
      },
      {
        "epoch": 3,
        "train_loss": 0.1870861582669642,
        "train_acc": 0.9245837414299706,
        "val_loss": 0.8470846286007002,
        "val_acc": 0.6705882352941176
      },
      {
        "epoch": 5,
        "train_loss": 0.19244092851731265,
        "train_acc": 0.9187071498530852,
        "val_loss": 0.8695959979412602,
        "val_acc": 0.6823529411764706
      }
    ]
  },
  "monitor": {
    "primary": "val_loss",
    "secondary": "val_acc"
  },
  "trends": {
    "train_loss_slope": 0.0006882805425488433,
    "train_acc_slope": -0.0009794319294808994,
    "val_loss_slope": -0.0005624235585364303,
    "val_acc_slope": -0.00043572984749455185
  },
  "overfitting": {
    "is_overfit": false,
    "score": 1,
    "signals": {
      "early_best": true,
      "loss_rebound": false,
      "gap_large": false,
      "acc_drop": false,
      "best_epoch_ratio": 0.06
    }
  },
  "hparams": {
    "model": "tcn_attention_long",
    "split": "long",
    "device": "cuda",
    "num_params": 991043,
    "epochs": 40,
    "batch_size": 128,
    "lr": 3e-05,
    "weight_decay": 0.0001,
    "seed": 42,
    "use_norm": true,
    "balance_by_class": false,
    "amplify_hard_negative": false,
    "hard_negative_factor": 1.5,
    "temporal_jitter_frames": 0,
    "val_ratio": 0.2,
    "num_workers": 0,
    "params": {
      "tcn_channels": "128,128,256,256",
      "tcn_kernel": 3,
      "tcn_dropout": 0.1,
      "tcn_dil_growth": 2,
      "attn_type": "additive",
      "attn_hidden": 192,
      "mhsa_heads": 4,
      "fc_hidden": 192,
      "fc_dropout": 0.3
    },
    "data": {
      "N": 1276,
      "T": 75,
      "F": 36
    }
  }
}