{
  "test": {
    "auc": 0.7396404919583727,
    "f1": 0.5567010309278351,
    "recall": 0.5142857142857142,
    "TP": 54,
    "FP": 35,
    "FN": 51,
    "TN": 116
  },
  "top_epochs": [
    {
      "epoch": 56,
      "auc": 0.7874213836477988,
      "f1": 0.5957446808510638,
      "recall": 0.5283018867924528,
      "score": 0.6003586243811053,
      "TP": 28,
      "FP": 13,
      "FN": 25,
      "TN": 62
    },
    {
      "epoch": 48,
      "auc": 0.7876729559748428,
      "f1": 0.574468085106383,
      "recall": 0.5094339622641509,
      "score": 0.584591997858959,
      "TP": 27,
      "FP": 14,
      "FN": 26,
      "TN": 61
    },
    {
      "epoch": 58,
      "auc": 0.7876729559748428,
      "f1": 0.574468085106383,
      "recall": 0.5094339622641509,
      "score": 0.584591997858959,
      "TP": 27,
      "FP": 14,
      "FN": 26,
      "TN": 61
    },
    {
      "epoch": 41,
      "auc": 0.7657861635220126,
      "f1": 0.5625,
      "recall": 0.5094339622641509,
      "score": 0.576624213836478,
      "TP": 27,
      "FP": 16,
      "FN": 26,
      "TN": 59
    }
  ],
  "params": {
    "model": "cnn_bilstm_attn",
    "batch": 16,
    "accumulate_steps": 8,
    "effective_batch": 128,
    "run_seed": null,
    "focal_alpha": 0.25,
    "focal_gamma_start": 0.0,
    "focal_gamma_end": 1.4,
    "curriculum_epochs": 20,
    "class_weight_neg": 1.05,
    "class_weight_pos": 0.8,
    "mask_mode": "soft",
    "mask_threshold": 0.6,
    "window_mask_min_mean": null
  },
  "cmd": "python train_cnn_bilstm.py --windows /home/user/projects/train/train_data/slipce/windows_npz.npz --epochs 70 --batch 16 --accumulate_steps 8 --result_dir /home/user/projects/train/model/long_window/CNN_BiLSTM/result_focal_refine/cw05_fg03 --focal_alpha 0.25 --focal_gamma_start 0.0 --focal_gamma_end 1.4 --curriculum_epochs 20 --run_seed None --class_weight_neg 1.05 --class_weight_pos 0.8 --mask_threshold 0.6 --mask_mode soft --window_mask_min_mean None  [auto-mask: occlusion_flag]"
}