{
  "test": {
    "auc": 0.5678965625985494,
    "f1": 0.0,
    "recall": 0.0,
    "TP": 0,
    "FP": 0,
    "FN": 105,
    "TN": 151
  },
  "top_epochs": [
    {
      "epoch": 10,
      "auc": 0.5607547169811321,
      "f1": 0.1724137931034483,
      "recall": 0.09433962264150944,
      "score": 0.21104489264801563,
      "TP": 5,
      "FP": 0,
      "FN": 48,
      "TN": 75
    },
    {
      "epoch": 9,
      "auc": 0.5637735849056603,
      "f1": 0.14035087719298245,
      "recall": 0.07547169811320754,
      "score": 0.19259582919563056,
      "TP": 4,
      "FP": 0,
      "FN": 49,
      "TN": 75
    },
    {
      "epoch": 8,
      "auc": 0.5660377358490566,
      "f1": 0.10714285714285714,
      "recall": 0.05660377358490566,
      "score": 0.1736522911051213,
      "TP": 3,
      "FP": 0,
      "FN": 50,
      "TN": 75
    },
    {
      "epoch": 6,
      "auc": 0.5766037735849057,
      "f1": 0.07142857142857142,
      "recall": 0.03773584905660377,
      "score": 0.15561725067385446,
      "TP": 2,
      "FP": 1,
      "FN": 51,
      "TN": 74
    }
  ],
  "params": {
    "model": "cnn_bilstm_attn",
    "batch": 16,
    "accumulate_steps": 8,
    "effective_batch": 128,
    "run_seed": null,
    "focal_alpha": 0.32,
    "focal_gamma_start": 0.0,
    "focal_gamma_end": 1.4,
    "curriculum_epochs": 20,
    "class_weight_neg": 0.9,
    "class_weight_pos": 0.8,
    "mask_mode": "soft",
    "mask_threshold": 0.6,
    "window_mask_min_mean": null
  },
  "cmd": "python train_cnn_bilstm.py --windows /home/user/projects/train/train_data/slipce/windows_npz.npz --epochs 70 --batch 16 --accumulate_steps 8 --result_dir /home/user/projects/train/model/long_window/CNN_BiLSTM/result_focal_refine/cw07_fg07 --focal_alpha 0.32 --focal_gamma_start 0.0 --focal_gamma_end 1.4 --curriculum_epochs 20 --run_seed None --class_weight_neg 0.9 --class_weight_pos 0.8 --mask_threshold 0.6 --mask_mode soft --window_mask_min_mean None  [auto-mask: occlusion_flag]"
}