{
  "test": {
    "auc": 0.5693472090823084,
    "f1": 0.0,
    "recall": 0.0,
    "TP": 0,
    "FP": 0,
    "FN": 105,
    "TN": 151
  },
  "top_epochs": [
    {
      "epoch": 11,
      "auc": 0.5182389937106918,
      "f1": 0.09836065573770492,
      "recall": 0.05660377358490566,
      "score": 0.2076214042684813,
      "TP": 3,
      "FP": 5,
      "FN": 50,
      "TN": 70
    },
    {
      "epoch": 2,
      "auc": 0.5388679245283019,
      "f1": 0.0,
      "recall": 0.0,
      "score": 0.16166037735849056,
      "TP": 0,
      "FP": 0,
      "FN": 53,
      "TN": 75
    },
    {
      "epoch": 12,
      "auc": 0.5388679245283019,
      "f1": 0.0,
      "recall": 0.0,
      "score": 0.16166037735849056,
      "TP": 0,
      "FP": 0,
      "FN": 53,
      "TN": 75
    },
    {
      "epoch": 1,
      "auc": 0.5340880503144654,
      "f1": 0.0,
      "recall": 0.0,
      "score": 0.1602264150943396,
      "TP": 0,
      "FP": 0,
      "FN": 53,
      "TN": 75
    }
  ],
  "params": {
    "arch": "gated",
    "filters": 64,
    "kernel": 3,
    "dropout": 0.2,
    "attn_units": 32,
    "gate_type": "vector_sigmoid"
  },
  "cmd": "python train_tcn_residual.py --windows /home/user/projects/train/train_data/slipce/windows_npz.npz --window_type long --arch gated --attn_units 32 --gate_type vector_sigmoid --epochs 100 --batch 64 --filters 64 --kernel 3 --dropout 0.2 --result_dir /home/user/projects/train/model/long_window/TCN_Residual/result --use_layernorm --focal_alpha 0.25 --focal_gamma_start 0.0 --focal_gamma_end 1.0 --curriculum_epochs 20 --run_seed 16"
}