{
  "test": {
    "auc": 0.7306212551245664,
    "f1": 0.5573770491803278,
    "recall": 0.4857142857142857,
    "TP": 51,
    "FP": 27,
    "FN": 54,
    "TN": 124
  },
  "top_epochs": [
    {
      "epoch": 58,
      "auc": 0.7705660377358491,
      "f1": 0.6434782608695652,
      "recall": 0.6981132075471698,
      "score": 0.6962132895816242,
      "TP": 37,
      "FP": 25,
      "FN": 16,
      "TN": 50
    },
    {
      "epoch": 56,
      "auc": 0.7708176100628931,
      "f1": 0.6428571428571429,
      "recall": 0.6792452830188679,
      "score": 0.6866433063791555,
      "TP": 36,
      "FP": 23,
      "FN": 17,
      "TN": 52
    },
    {
      "epoch": 54,
      "auc": 0.7823899371069182,
      "f1": 0.6213592233009708,
      "recall": 0.6037735849056604,
      "score": 0.644772546864505,
      "TP": 32,
      "FP": 18,
      "FN": 21,
      "TN": 57
    },
    {
      "epoch": 64,
      "auc": 0.7823899371069182,
      "f1": 0.6213592233009708,
      "recall": 0.6037735849056604,
      "score": 0.644772546864505,
      "TP": 32,
      "FP": 18,
      "FN": 21,
      "TN": 57
    }
  ],
  "params": {
    "model": "cnn_bilstm_attn",
    "batch": 16,
    "accumulate_steps": 8,
    "effective_batch": 128,
    "run_seed": null,
    "focal_alpha": 0.25,
    "focal_gamma_start": 0.0,
    "focal_gamma_end": 1.5,
    "curriculum_epochs": 20,
    "class_weight_neg": 0.8,
    "class_weight_pos": 1.2,
    "mask_mode": "soft",
    "mask_threshold": 0.6,
    "window_mask_min_mean": null
  },
  "cmd": "python train_cnn_bilstm.py --windows /home/user/projects/train/train_data/slipce/windows_npz.npz --epochs 70 --batch 16 --accumulate_steps 8 --result_dir /home/user/projects/train/model/long_window/CNN_BiLSTM/result_focal_sweep/cw05_fg01 --focal_alpha 0.25 --focal_gamma_start 0.0 --focal_gamma_end 1.5 --curriculum_epochs 20 --run_seed None --class_weight_neg 0.8 --class_weight_pos 1.2 --mask_threshold 0.6 --mask_mode soft --window_mask_min_mean None  [auto-mask: occlusion_flag]"
}