{
  "test": {
    "auc": 0.6780195521917376,
    "f1": 0.43312101910828027,
    "recall": 0.3238095238095238,
    "TP": 34,
    "FP": 18,
    "FN": 71,
    "TN": 133
  },
  "top_epochs": [
    {
      "epoch": 39,
      "auc": 0.7348427672955975,
      "f1": 0.6181818181818182,
      "recall": 0.6415094339622641,
      "score": 0.6531778158947971,
      "TP": 34,
      "FP": 23,
      "FN": 19,
      "TN": 52
    },
    {
      "epoch": 41,
      "auc": 0.739874213836478,
      "f1": 0.5434782608695652,
      "recall": 0.4716981132075472,
      "score": 0.5468673776319388,
      "TP": 25,
      "FP": 14,
      "FN": 28,
      "TN": 61
    },
    {
      "epoch": 35,
      "auc": 0.7378616352201258,
      "f1": 0.5227272727272727,
      "recall": 0.4339622641509434,
      "score": 0.5213716409376787,
      "TP": 23,
      "FP": 12,
      "FN": 30,
      "TN": 63
    },
    {
      "epoch": 40,
      "auc": 0.7378616352201258,
      "f1": 0.5227272727272727,
      "recall": 0.4339622641509434,
      "score": 0.5213716409376787,
      "TP": 23,
      "FP": 12,
      "FN": 30,
      "TN": 63
    }
  ],
  "params": {
    "model": "cnn_bilstm_attn",
    "batch": 16,
    "accumulate_steps": 8,
    "effective_batch": 128,
    "run_seed": null,
    "focal_alpha": 0.25,
    "focal_gamma_start": 0.0,
    "focal_gamma_end": 1.5,
    "curriculum_epochs": 20,
    "class_weight_neg": 1.0,
    "class_weight_pos": 0.6,
    "mask_mode": "soft",
    "mask_threshold": 0.6,
    "window_mask_min_mean": null
  },
  "cmd": "python train_cnn_bilstm.py --windows /home/user/projects/train/train_data/slipce/windows_npz.npz --epochs 70 --batch 16 --accumulate_steps 8 --result_dir /home/user/projects/train/model/long_window/CNN_BiLSTM/result_focal_sweep/cw03_fg01 --focal_alpha 0.25 --focal_gamma_start 0.0 --focal_gamma_end 1.5 --curriculum_epochs 20 --run_seed None --class_weight_neg 1.0 --class_weight_pos 0.6 --mask_threshold 0.6 --mask_mode soft --window_mask_min_mean None  [auto-mask: occlusion_flag]"
}