{
  "test": {
    "auc": 0.5395774203721223,
    "f1": 0.037037037037037035,
    "recall": 0.01904761904761905,
    "TP": 2,
    "FP": 1,
    "FN": 103,
    "TN": 150
  },
  "top_epochs": [
    {
      "epoch": 14,
      "auc": 0.5652830188679245,
      "f1": 0.10344827586206896,
      "recall": 0.05660377358490566,
      "score": 0.2232608978529603,
      "TP": 3,
      "FP": 2,
      "FN": 50,
      "TN": 73
    },
    {
      "epoch": 15,
      "auc": 0.5637735849056604,
      "f1": 0.1,
      "recall": 0.05660377358490566,
      "score": 0.22177358490566038,
      "TP": 3,
      "FP": 4,
      "FN": 50,
      "TN": 71
    },
    {
      "epoch": 12,
      "auc": 0.5652830188679245,
      "f1": 0.07272727272727272,
      "recall": 0.03773584905660377,
      "score": 0.20649742710120067,
      "TP": 2,
      "FP": 0,
      "FN": 51,
      "TN": 75
    },
    {
      "epoch": 13,
      "auc": 0.5665408805031446,
      "f1": 0.06896551724137931,
      "recall": 0.03773584905660377,
      "score": 0.20574625894599868,
      "TP": 2,
      "FP": 3,
      "FN": 51,
      "TN": 72
    }
  ],
  "params": {
    "arch": "gated",
    "filters": 64,
    "kernel": 3,
    "dropout": 0.2,
    "attn_units": 32,
    "gate_type": "vector_sigmoid"
  },
  "cmd": "python train_tcn_residual.py --windows /home/user/projects/train/train_data/slipce/windows_npz.npz --window_type long --arch gated --attn_units 32 --gate_type vector_sigmoid --epochs 100 --batch 64 --filters 64 --kernel 3 --dropout 0.2 --result_dir /home/user/projects/train/model/long_window/TCN_Residual/result --use_layernorm --focal_alpha 0.25 --focal_gamma_start 0.0 --focal_gamma_end 1.5 --curriculum_epochs 20 --run_seed 24"
}