{
  "test": {
    "auc": 0.7335225480920845,
    "f1": 0.5149700598802395,
    "recall": 0.4095238095238095,
    "TP": 43,
    "FP": 19,
    "FN": 62,
    "TN": 132
  },
  "top_epochs": [
    {
      "epoch": 45,
      "auc": 0.7436477987421383,
      "f1": 0.5904761904761905,
      "recall": 0.5849056603773585,
      "score": 0.6183252470799641,
      "TP": 31,
      "FP": 21,
      "FN": 22,
      "TN": 54
    },
    {
      "epoch": 44,
      "auc": 0.7469182389937107,
      "f1": 0.6122448979591837,
      "recall": 0.5660377358490566,
      "score": 0.6160759851110256,
      "TP": 30,
      "FP": 15,
      "FN": 23,
      "TN": 60
    },
    {
      "epoch": 28,
      "auc": 0.7187421383647798,
      "f1": 0.5904761904761905,
      "recall": 0.5849056603773585,
      "score": 0.6133441150044923,
      "TP": 31,
      "FP": 21,
      "FN": 22,
      "TN": 54
    },
    {
      "epoch": 36,
      "auc": 0.7328301886792453,
      "f1": 0.594059405940594,
      "recall": 0.5660377358490566,
      "score": 0.6078027274425556,
      "TP": 30,
      "FP": 18,
      "FN": 23,
      "TN": 57
    }
  ],
  "params": {
    "model": "cnn_bilstm_attn",
    "batch": 16,
    "accumulate_steps": 8,
    "effective_batch": 128,
    "run_seed": null,
    "focal_alpha": 0.4,
    "focal_gamma_start": 0.0,
    "focal_gamma_end": 1.0,
    "curriculum_epochs": 20,
    "class_weight_neg": 1.0,
    "class_weight_pos": 0.75,
    "mask_mode": "soft",
    "mask_threshold": 0.6,
    "window_mask_min_mean": null
  },
  "cmd": "python train_cnn_bilstm.py --windows /home/user/projects/train/train_data/slipce/windows_npz.npz --epochs 70 --batch 16 --accumulate_steps 8 --result_dir /home/user/projects/train/model/long_window/CNN_BiLSTM/result_focal_refine/cw01_fg09 --focal_alpha 0.4 --focal_gamma_start 0.0 --focal_gamma_end 1.0 --curriculum_epochs 20 --run_seed None --class_weight_neg 1.0 --class_weight_pos 0.75 --mask_threshold 0.6 --mask_mode soft --window_mask_min_mean None  [auto-mask: occlusion_flag]"
}