{
  "test": {
    "auc": 0.7504888047934406,
    "f1": 0.6008583690987125,
    "recall": 0.6666666666666666,
    "TP": 70,
    "FP": 58,
    "FN": 35,
    "TN": 93
  },
  "top_epochs": [
    {
      "epoch": 56,
      "auc": 0.7210062893081761,
      "f1": 0.6722689075630253,
      "recall": 0.7547169811320755,
      "score": 0.7232404206965806,
      "TP": 40,
      "FP": 26,
      "FN": 13,
      "TN": 49
    },
    {
      "epoch": 69,
      "auc": 0.7283018867924528,
      "f1": 0.6666666666666666,
      "recall": 0.7547169811320755,
      "score": 0.7230188679245283,
      "TP": 40,
      "FP": 27,
      "FN": 13,
      "TN": 48
    },
    {
      "epoch": 54,
      "auc": 0.7252830188679246,
      "f1": 0.6902654867256637,
      "recall": 0.7358490566037735,
      "score": 0.7200607780931707,
      "TP": 39,
      "FP": 21,
      "FN": 14,
      "TN": 54
    },
    {
      "epoch": 51,
      "auc": 0.6961006289308177,
      "f1": 0.64,
      "recall": 0.7547169811320755,
      "score": 0.7085786163522014,
      "TP": 40,
      "FP": 32,
      "FN": 13,
      "TN": 43
    }
  ],
  "params": {
    "model": "cnn_bilstm_attn",
    "batch": 16,
    "accumulate_steps": 8,
    "effective_batch": 128,
    "run_seed": 3,
    "focal_alpha": 0.4,
    "focal_gamma_start": 0.0,
    "focal_gamma_end": 1.0,
    "curriculum_epochs": 20,
    "class_weight_neg": 1.05,
    "class_weight_pos": 0.8,
    "mask_mode": "soft",
    "mask_threshold": 0.6,
    "window_mask_min_mean": null
  },
  "cmd": "python train_cnn_bilstm.py --windows /home/user/projects/train/train_data/slipce/windows_npz.npz --epochs 70 --batch 16 --accumulate_steps 8 --result_dir result_confirm_seed3 --focal_alpha 0.4 --focal_gamma_start 0.0 --focal_gamma_end 1.0 --curriculum_epochs 20 --no_early_stop --run_seed 3 --class_weight_neg 1.05 --class_weight_pos 0.8 --mask_threshold 0.6 --mask_mode soft --window_mask_min_mean None  [auto-mask: occlusion_flag]"
}