metric,mean,std,ci95,n
test_auc,0.7222516556291392,0.025808714784475908,0.011311167971318424,20
test_f1,0.5931474352168907,0.038002722949312666,0.016655427681571865,20
test_recall,0.609047619047619,0.08270836179824749,0.03624853778055151,20
test_precision,0.5865249341584243,0.03932595829942415,0.017235361143415548,20
test_composite,0.6269183712147045,0.053072789311204224,0.023260175472453865,20
test_precision_aware,0.6156570287701073,0.027610999778984815,0.012101054196778175,20
