{
  "test": {
    "auc": 0.7161147902869757,
    "f1": 0.29457364341085274,
    "recall": 0.18095238095238095,
    "TP": 19,
    "FP": 5,
    "FN": 86,
    "TN": 146
  },
  "top_epochs": [
    {
      "epoch": 50,
      "auc": 0.6545911949685536,
      "f1": 0.36363636363636365,
      "recall": 0.2641509433962264,
      "score": 0.372084619782733,
      "TP": 14,
      "FP": 10,
      "FN": 39,
      "TN": 65
    },
    {
      "epoch": 46,
      "auc": 0.680251572327044,
      "f1": 0.3333333333333333,
      "recall": 0.22641509433962265,
      "score": 0.3492578616352201,
      "TP": 12,
      "FP": 7,
      "FN": 41,
      "TN": 68
    },
    {
      "epoch": 45,
      "auc": 0.689308176100629,
      "f1": 0.30985915492957744,
      "recall": 0.20754716981132076,
      "score": 0.3345929666046594,
      "TP": 11,
      "FP": 7,
      "FN": 42,
      "TN": 68
    },
    {
      "epoch": 48,
      "auc": 0.6850314465408804,
      "f1": 0.2857142857142857,
      "recall": 0.18867924528301888,
      "score": 0.31706019766397125,
      "TP": 10,
      "FP": 7,
      "FN": 43,
      "TN": 68
    }
  ],
  "params": {
    "model": "cnn_bilstm_attn",
    "batch": 16,
    "accumulate_steps": 8,
    "effective_batch": 128,
    "run_seed": null,
    "focal_alpha": 0.1,
    "focal_gamma_start": 0.0,
    "focal_gamma_end": 1.0,
    "curriculum_epochs": 20,
    "class_weight_neg": 0.8,
    "class_weight_pos": 1.2,
    "mask_mode": "soft",
    "mask_threshold": 0.6,
    "window_mask_min_mean": null
  },
  "cmd": "python train_cnn_bilstm.py --windows /home/user/projects/train/train_data/slipce/windows_npz.npz --epochs 70 --batch 16 --accumulate_steps 8 --result_dir /home/user/projects/train/model/long_window/CNN_BiLSTM/result_focal_sweep/cw05_fg05 --focal_alpha 0.1 --focal_gamma_start 0.0 --focal_gamma_end 1.0 --curriculum_epochs 20 --run_seed None --class_weight_neg 0.8 --class_weight_pos 1.2 --mask_threshold 0.6 --mask_mode soft --window_mask_min_mean None  [auto-mask: occlusion_flag]"
}