{
  "test": {
    "auc": 0.7111952065594449,
    "f1": 0.34532374100719426,
    "recall": 0.22857142857142856,
    "TP": 24,
    "FP": 10,
    "FN": 81,
    "TN": 141
  },
  "top_epochs": [
    {
      "epoch": 36,
      "auc": 0.7250314465408806,
      "f1": 0.6122448979591837,
      "recall": 0.5660377358490566,
      "score": 0.6116986266204596,
      "TP": 30,
      "FP": 15,
      "FN": 23,
      "TN": 60
    },
    {
      "epoch": 40,
      "auc": 0.7270440251572327,
      "f1": 0.6,
      "recall": 0.5660377358490566,
      "score": 0.6084276729559748,
      "TP": 30,
      "FP": 17,
      "FN": 23,
      "TN": 58
    },
    {
      "epoch": 42,
      "auc": 0.7303144654088051,
      "f1": 0.5918367346938775,
      "recall": 0.5471698113207547,
      "score": 0.5971988191503016,
      "TP": 29,
      "FP": 16,
      "FN": 24,
      "TN": 59
    },
    {
      "epoch": 38,
      "auc": 0.7323270440251572,
      "f1": 0.5833333333333334,
      "recall": 0.5283018867924528,
      "score": 0.5856163522012579,
      "TP": 28,
      "FP": 15,
      "FN": 25,
      "TN": 60
    }
  ],
  "params": {
    "model": "cnn_bilstm_attn",
    "batch": 16,
    "accumulate_steps": 8,
    "effective_batch": 128,
    "run_seed": null,
    "focal_alpha": 0.2,
    "focal_gamma_start": 0.0,
    "focal_gamma_end": 1.5,
    "curriculum_epochs": 20,
    "class_weight_neg": 1.0,
    "class_weight_pos": 0.8,
    "mask_mode": "soft",
    "mask_threshold": 0.6,
    "window_mask_min_mean": null
  },
  "cmd": "python train_cnn_bilstm.py --windows /home/user/projects/train/train_data/slipce/windows_npz.npz --epochs 70 --batch 16 --accumulate_steps 8 --result_dir /home/user/projects/train/model/long_window/CNN_BiLSTM/result_focal_sweep/cw02_fg03 --focal_alpha 0.2 --focal_gamma_start 0.0 --focal_gamma_end 1.5 --curriculum_epochs 20 --run_seed None --class_weight_neg 1.0 --class_weight_pos 0.8 --mask_threshold 0.6 --mask_mode soft --window_mask_min_mean None  [auto-mask: occlusion_flag]"
}