{
  "test": {
    "auc": 0.7303689687795648,
    "f1": 0.5280898876404494,
    "recall": 0.44761904761904764,
    "TP": 47,
    "FP": 26,
    "FN": 58,
    "TN": 125
  },
  "top_epochs": [
    {
      "epoch": 37,
      "auc": 0.6883018867924529,
      "f1": 0.5576923076923077,
      "recall": 0.5471698113207547,
      "score": 0.5785529753265602,
      "TP": 29,
      "FP": 22,
      "FN": 24,
      "TN": 53
    },
    {
      "epoch": 39,
      "auc": 0.7116981132075473,
      "f1": 0.5242718446601942,
      "recall": 0.5094339622641509,
      "score": 0.5543381571716431,
      "TP": 27,
      "FP": 23,
      "FN": 26,
      "TN": 52
    },
    {
      "epoch": 53,
      "auc": 0.6918238993710693,
      "f1": 0.5142857142857142,
      "recall": 0.5094339622641509,
      "score": 0.5473674752920037,
      "TP": 27,
      "FP": 25,
      "FN": 26,
      "TN": 50
    },
    {
      "epoch": 48,
      "auc": 0.6747169811320755,
      "f1": 0.48598130841121495,
      "recall": 0.49056603773584906,
      "score": 0.5260208076177042,
      "TP": 26,
      "FP": 28,
      "FN": 27,
      "TN": 47
    }
  ],
  "params": {
    "model": "cnn_bilstm_attn",
    "batch": 16,
    "accumulate_steps": 8,
    "effective_batch": 128,
    "run_seed": null,
    "focal_alpha": 0.25,
    "focal_gamma_start": 0.0,
    "focal_gamma_end": 1.4,
    "curriculum_epochs": 20,
    "class_weight_neg": 1.1,
    "class_weight_pos": 0.8,
    "mask_mode": "soft",
    "mask_threshold": 0.6,
    "window_mask_min_mean": null
  },
  "cmd": "python train_cnn_bilstm.py --windows /home/user/projects/train/train_data/slipce/windows_npz.npz --epochs 70 --batch 16 --accumulate_steps 8 --result_dir /home/user/projects/train/model/long_window/CNN_BiLSTM/result_focal_refine/cw06_fg03 --focal_alpha 0.25 --focal_gamma_start 0.0 --focal_gamma_end 1.4 --curriculum_epochs 20 --run_seed None --class_weight_neg 1.1 --class_weight_pos 0.8 --mask_threshold 0.6 --mask_mode soft --window_mask_min_mean None  [auto-mask: occlusion_flag]"
}